column_name,question_text,question_type,value,value_label,group
record,record number,continuous,,,
uuid,participant identifier,text,,,
qtime,Total interview time,continuous,-99999,,
qtime,Total interview time,continuous,99999,,
start_date,survey start time,text,,,
date,completition time and date,text,,,
status,participant status,categorical,1,Terminated,
status,participant status,categorical,2,Overquota,
status,participant status,categorical,3,Qualified,
status,participant status,categorical,4,Partial,
S1,Which of the following best describes the items your company delivers to customers?,categorical,1,Hard Goods,
S1,Which of the following best describes the items your company delivers to customers?,categorical,2,Soft Goods,
S1,Which of the following best describes the items your company delivers to customers?,categorical,3,Process Goods,
S1,Which of the following best describes the items your company delivers to customers?,categorical,4,Energy Services,
S2,What hard goods does your company primarily produce?,categorical,1,"Aerospace and Defense: aircraft propulsion, aircraft and airframes, avionics and defense electronics, space systems, land systems, etc.",
S2,What hard goods does your company primarily produce?,categorical,2,"Transportation and Mobility: automotive, truck, bus, and specialty vehicles, motorbikes and bikes, rail systems, etc.",
S2,What hard goods does your company primarily produce?,categorical,3,"Heavy Equipment: mining equipment, agricultural equipment, construction equipment, industrial trucks and tractors",
S2,What hard goods does your company primarily produce?,categorical,4,"Industrial and Commercial Machinery: Machine tools, metal cutting or forming equipment, specialty equipment, printing machinery",
S2,What hard goods does your company primarily produce?,categorical,5,"Industrial Components: Pumps, Blowers, Fans, Shafts, Bearings, Fasteners, etc.",
S2,What hard goods does your company primarily produce?,categorical,6,"Consumer Electronics: Household appliances, fans, electric lighting and wiring equipment, household audio and video equipment, telephone, radio, and broadcasting equipment",
S2,What hard goods does your company primarily produce?,categorical,7,"MedTech, Medical Equipment, and Devices: medical devices (e.g. Pacemakers, CPAP machines, etc.), medical equipment (e.g. MRI machines, X-RAY machines, etc.)",
S3,What process goods does your company primarily produce?,categorical,1,"Pharmaceuticals and Nutraceuticals: drug development and manufacturing (analgesics, antibiotics, anticonvulsants, antihistamines, hormone regulators as pills, powders, capsules, liquids and syrups, ointments, creams, and injectables)",
S3,What process goods does your company primarily produce?,categorical,2,"Chemicals: inorganic chemicals (acids, bases, salts, non-metal minerals) organic chemicals (hydrocarbons, alcohols, aldehydes and ketones, esters), functional (solvents, polymers, dyes and pigments, surfactants), hazards (flamables, oxidizers, corrosives, toxic materials), biologicals and pharmaceuticals (proteins, carbohydrates, lipids, nucleic acids), environmental and industrial (pesticides, fertilizers, plasticizers)",
S3,What process goods does your company primarily produce?,categorical,3,"Food and Beverage: grains and cereals (bread, cereals, pasta, rice), fruits and vegetables, dairy products (milk, cheese, yogurts), proteins (meat, poultry, fish, seafood, nuts, seeds), snacks, sweets, beverages",
S3,What process goods does your company primarily produce?,categorical,4,"Cosmetics and Beauty: skin care, hair care, makeup, fragrance products, personal care (deodorants, body washes, oral hygiene), nail care, cosmetic tools and accessories",
S4,What was your company's revenue last year?,categorical,1,"Startup, Pre-Revenue",
S4,What was your company's revenue last year?,categorical,2,Under US $20M,
S4,What was your company's revenue last year?,categorical,3,Between $20M and $50M,
S4,What was your company's revenue last year?,categorical,4,Between $50M and $100M,
S4,What was your company's revenue last year?,categorical,5,Between $100M and $300M,
S4,What was your company's revenue last year?,categorical,6,Between $300M and $500M,
S4,What was your company's revenue last year?,categorical,7,Between $500M and $1B,
S4,What was your company's revenue last year?,categorical,8,Between $1B and $5B,
S4,What was your company's revenue last year?,categorical,9,Over $5B,
S4,What was your company's revenue last year?,categorical,10,Cannot or will not say,
hS4,Company Size Category,categorical,1,Startup,S4
hS4,Company Size Category,categorical,2,Small,S4
hS4,Company Size Category,categorical,3,Medium,S4
hS4,Company Size Category,categorical,4,Large,S4
hS4,Company Size Category,categorical,5,Huge,S4
hS4,Company Size Category,categorical,6,Colossal,S4
S5,In which country are you located?,categorical,1,United States,
S5,In which country are you located?,categorical,2,Canada,
S5,In which country are you located?,categorical,3,Mexico,
S5,In which country are you located?,categorical,4,Argentina,
S5,In which country are you located?,categorical,5,Bolivia,
S5,In which country are you located?,categorical,6,Chile,
S5,In which country are you located?,categorical,7,Colombia,
S5,In which country are you located?,categorical,8,Ecuador,
S5,In which country are you located?,categorical,9,Paraguay,
S5,In which country are you located?,categorical,10,Peru,
S5,In which country are you located?,categorical,11,Uruguay,
S5,In which country are you located?,categorical,12,Brazil,
S5,In which country are you located?,categorical,13,Guyana,
S5,In which country are you located?,categorical,14,Suriname,
S5,In which country are you located?,categorical,15,Venezuela,
S5,In which country are you located?,categorical,16,United Kingdom (England),
S5,In which country are you located?,categorical,17,France,
S5,In which country are you located?,categorical,18,Germany,
S5,In which country are you located?,categorical,19,Italy,
S5,In which country are you located?,categorical,20,Spain,
S5,In which country are you located?,categorical,21,Ireland,
S5,In which country are you located?,categorical,22,Denmark,
S5,In which country are you located?,categorical,23,Finland,
S5,In which country are you located?,categorical,24,Netherlands,
S5,In which country are you located?,categorical,25,Norway,
S5,In which country are you located?,categorical,26,Sweden,
S5,In which country are you located?,categorical,27,Austria,
S5,In which country are you located?,categorical,28,Belgium,
S5,In which country are you located?,categorical,29,Switzerland,
S5,In which country are you located?,categorical,30,Luxembourg,
S5,In which country are you located?,categorical,31,Albania,
S5,In which country are you located?,categorical,32,Andorra,
S5,In which country are you located?,categorical,33,Bosnia,
S5,In which country are you located?,categorical,34,Herzegovina,
S5,In which country are you located?,categorical,35,Croatia,
S5,In which country are you located?,categorical,36,Cyprus,
S5,In which country are you located?,categorical,37,Greece,
S5,In which country are you located?,categorical,38,Malta,
S5,In which country are you located?,categorical,39,Montenegro,
S5,In which country are you located?,categorical,40,Portugal,
S5,In which country are you located?,categorical,41,San Marino,
S5,In which country are you located?,categorical,42,Serbia,
S5,In which country are you located?,categorical,43,Slovenia,
S5,In which country are you located?,categorical,44,North Macedonia,
S5,In which country are you located?,categorical,45,Belarus,
S5,In which country are you located?,categorical,46,Bulgaria,
S5,In which country are you located?,categorical,47,Czech Republic (Czechia),
S5,In which country are you located?,categorical,48,Hungary,
S5,In which country are you located?,categorical,49,Moldova,
S5,In which country are you located?,categorical,50,Poland,
S5,In which country are you located?,categorical,51,Romania,
S5,In which country are you located?,categorical,52,Russia,
S5,In which country are you located?,categorical,53,Slovakia,
S5,In which country are you located?,categorical,54,Ukraine,
S5,In which country are you located?,categorical,55,Japan,
S5,In which country are you located?,categorical,56,South Korea,
S5,In which country are you located?,categorical,57,Taiwan,
S5,In which country are you located?,categorical,58,Philippines,
S5,In which country are you located?,categorical,59,Singapore,
S5,In which country are you located?,categorical,60,India,
S5,In which country are you located?,categorical,61,China,
S5,In which country are you located?,categorical,62,North Korea,
S5,In which country are you located?,categorical,63,Mongolia,
S5,In which country are you located?,categorical,64,Kazakhstan,
S5,In which country are you located?,categorical,65,Kyrgyzstan,
S5,In which country are you located?,categorical,66,Tajikistan,
S5,In which country are you located?,categorical,67,Turkmenistan,
S5,In which country are you located?,categorical,68,Uzbekistan,
S5,In which country are you located?,categorical,69,Brunei,
S5,In which country are you located?,categorical,70,Cambodia,
S5,In which country are you located?,categorical,71,Indonesia,
S5,In which country are you located?,categorical,72,Laos,
S5,In which country are you located?,categorical,73,Malaysia,
S5,In which country are you located?,categorical,74,Myanmar,
S5,In which country are you located?,categorical,75,Thailand,
S5,In which country are you located?,categorical,76,Timor-Leste,
S5,In which country are you located?,categorical,77,Vietnam,
S5,In which country are you located?,categorical,78,Pakistan,
S5,In which country are you located?,categorical,79,Bangladesh,
S5,In which country are you located?,categorical,80,Nepal,
S5,In which country are you located?,categorical,81,Sri Lanka,
S5,In which country are you located?,categorical,82,Maldives,
S5,In which country are you located?,categorical,83,Bhutan,
S5,In which country are you located?,categorical,84,Afghanistan,
S5,In which country are you located?,categorical,85,Bahrain,
S5,In which country are you located?,categorical,86,Iraq,
S5,In which country are you located?,categorical,87,Israel,
S5,In which country are you located?,categorical,88,Jordan,
S5,In which country are you located?,categorical,89,Kuwait,
S5,In which country are you located?,categorical,90,Lebanon,
S5,In which country are you located?,categorical,91,Oman,
S5,In which country are you located?,categorical,92,Palestine,
S5,In which country are you located?,categorical,93,Qatar,
S5,In which country are you located?,categorical,94,Saudi Arabia,
S5,In which country are you located?,categorical,95,Syria,
S5,In which country are you located?,categorical,96,United Arab Emirates,
S5,In which country are you located?,categorical,97,Yemen,
S5,In which country are you located?,categorical,98,Turkey,
S5,In which country are you located?,categorical,99,Iran,
S5,In which country are you located?,categorical,100,All others,
qRegion,Hidden Region Classification,categorical,1,North America,S4
qRegion,Hidden Region Classification,categorical,2,South America,S4
qRegion,Hidden Region Classification,categorical,3,Common Europe,S4
qRegion,Hidden Region Classification,categorical,4,Northern and Western Europe,S4
qRegion,Hidden Region Classification,categorical,5,Southern Europe,S4
qRegion,Hidden Region Classification,categorical,6,Eastern Europe,S4
qRegion,Hidden Region Classification,categorical,7,Common Asia,S4
qRegion,Hidden Region Classification,categorical,8,China,S4
qRegion,Hidden Region Classification,categorical,9,East and Central Asia,S4
qRegion,Hidden Region Classification,categorical,10,South and Southeast Asia,S4
qRegion,Hidden Region Classification,categorical,11,Middle East,S4
qRegion,Hidden Region Classification,categorical,12,All others,S4
S5_dept,Which of the following best matches your department?,categorical,1,Executive Management.,
S5_dept,Which of the following best matches your department?,categorical,2,"Engineering: Responsible for designing the product. Keywords include design, requirements, model, analysis, simulation, drawing, diagram, and systems.",
S5_dept,Which of the following best matches your department?,categorical,3,Manufacturing or Operations: Responsible for making the product.,
S5_dept,Which of the following best matches your department?,categorical,4,Procurement or Sourcing: Responsible for awarding contracts with suppliers to receive goods to make products.,
S5_dept,Which of the following best matches your department?,categorical,5,Service or Maintenance: Responsible for servicing or maintaining the product.,
S5_dept,Which of the following best matches your department?,categorical,6,Sales or Marketing: Responsible for marketing and selling the product.,
S5_dept,Which of the following best matches your department?,categorical,7,Finance or Legal: Responsible for tracking and managing fiscal or legal matters for the company.,
S5_dept,Which of the following best matches your department?,categorical,8,"Human Resources: Responsible for managing HR related functions like recruitment, onboarding, termination, employee engagement and fulfillment, and compliance with regulatory and legal statutes.",
S5_dept,Which of the following best matches your department?,categorical,9,"Information Technology: Responsible for acquiring, installing, and maintaining technology infrastructure, software, hardware, and security.",
A1A,"To what extent has your company automated manufacturing production using operational technology like PLCs, HMIs, drives, and other industrial controls?",categorical,1,None: None of the operations are automated,
A1A,"To what extent has your company automated manufacturing production using operational technology like PLCs, HMIs, drives, and other industrial controls?",categorical,2,One-Quarter,
A1A,"To what extent has your company automated manufacturing production using operational technology like PLCs, HMIs, drives, and other industrial controls?",categorical,3,One-Half,
A1A,"To what extent has your company automated manufacturing production using operational technology like PLCs, HMIs, drives, and other industrial controls?",categorical,4,Three-Quarters,
A1A,"To what extent has your company automated manufacturing production using operational technology like PLCs, HMIs, drives, and other industrial controls?",categorical,5,All: All operations are automated,
A0r1,Production and Assembly,boolean,1,Production and Assembly,A0
A0r2,"Metal Machining, Forming, Stamping",boolean,1,"Metal Machining, Forming, Stamping",A0
A0r3,Plastic Injection Molding,boolean,1,Plastic Injection Molding,A0
A0r4,Material Handling or Packaging,boolean,1,Material Handling or Packaging,A0
A0r5,Quality Inspection and Control,boolean,1,Quality Inspection and Control,A0
A0r6,Machine Tending,boolean,1,Machine Tending,A0
A0r7,Process Monitoring and Supervisory Control,boolean,1,Process Monitoring and Supervisory Control,A0
A0r8,Inventory Management,boolean,1,Inventory Management,A0
A0r9,Data Collection,boolean,1,Data Collection,A0
A0r10,Predictive Maintenance,boolean,1,Predictive Maintenance,A0
A2A,Is your organization OT network connected to the internet? An OT (operational technology) network connects industrial controls like PLCs together so they can be monitored. It is not required that the OT network be connected to the internet.,categorical,1,No: Our OT network is not connected to the internet.,
A2A,Is your organization OT network connected to the internet? An OT (operational technology) network connects industrial controls like PLCs together so they can be monitored. It is not required that the OT network be connected to the internet.,categorical,2,Yes: Our OT network is connected to the internet without additional security.,
A2A,Is your organization OT network connected to the internet? An OT (operational technology) network connects industrial controls like PLCs together so they can be monitored. It is not required that the OT network be connected to the internet.,categorical,3,Yes: Our OT network is connected to the internet with additional security.,
A3A,"Does your organization send production data, such as information presented through SCADA systems, to an external cloud platform?",categorical,1,No: We do not send production data to a cloud platform.,
A3A,"Does your organization send production data, such as information presented through SCADA systems, to an external cloud platform?",categorical,2,Yes: We send production data to a cloud platform.,
A4A,Does your organization use artificial intelligence or machine learning to analyze your production data on the external cloud platform?,categorical,1,No: We do not use AI or ML on our production data.,
A4A,Does your organization use artificial intelligence or machine learning to analyze your production data on the external cloud platform?,categorical,2,Yes: We do use AI or ML on our production data.,
QB1,"Please speak to your company's interest and/or pursuit of industry 4.0, the ability to stream production data to the cloud and analyze it using AI. Is this concept compelling? If pursued, has it delivered value? What are your company's plans for the future?",text,,,
CP_FLAG_QB1,"Hidden: QB1 = Flag if Cut, Copy, Paste",boolean,1,TRUE,
CP_FLAG_QB1,"Hidden: QB1 = Flag if Cut, Copy, Paste",boolean,0,FALSE,
HID_API_QB1_F1,Dummy holds follow-up question back from smart probe api,text,,,
QB1_Score,Score from api,text,,,
QB1_F1,pipe:HID_API_QB1_F1,text,,,
CP_FLAG_QB1_F1,"Hidden: QB1_F1 = Flag if Cut, Copy, Paste",boolean,1,TRUE,
CP_FLAG_QB1_F1,"Hidden: QB1_F1 = Flag if Cut, Copy, Paste",boolean,0,FALSE,
QB1_F1_Score,Score from api,text,,,
Competency,Hidden: Displaying up to 3 Competency,boolean,0,Unchecked,Competency
Competency,Hidden: Displaying up to 3 Competency,boolean,1,Checked,Competency
Competencyr1,Design-Driven Manufacturing,boolean,0,Unchecked,Competency
Competencyr1,Design-Driven Manufacturing,boolean,1,Checked,Competency
Competencyr2,Agile Production Configuration,boolean,0,Unchecked,Competency
Competencyr2,Agile Production Configuration,boolean,1,Checked,Competency
Competencyr3,Data-Driven Transparency,boolean,0,Unchecked,Competency
Competencyr3,Data-Driven Transparency,boolean,1,Checked,Competency
Competencyr4,Seamless Automation,boolean,0,Unchecked,Competency
Competencyr4,Seamless Automation,boolean,1,Checked,Competency
Competencyr5,Adaptable Production,boolean,0,Unchecked,Competency
Competencyr5,Adaptable Production,boolean,1,Checked,Competency
Competencyr6,Flawless Commissioning,boolean,0,Unchecked,Competency
Competencyr6,Flawless Commissioning,boolean,1,Checked,Competency
Competencyr7,AI-Powered Production,boolean,0,Unchecked,Competency
Competencyr7,AI-Powered Production,boolean,1,Checked,Competency
Competencyr8,Quality Culture,boolean,0,Unchecked,Competency
Competencyr8,Quality Culture,boolean,1,Checked,Competency
Competencyr9,Strategic Asset Utilization,boolean,0,Unchecked,Competency
Competencyr9,Strategic Asset Utilization,boolean,1,Checked,Competency
Competencyr10,Production Exploration,boolean,0,Unchecked,Competency
Competencyr10,Production Exploration,boolean,1,Checked,Competency
Competencyr11,Connected Factory Security,boolean,0,Unchecked,Competency
Competencyr11,Connected Factory Security,boolean,1,Checked,Competency
B1_1,"Which of the following best describes your company’s efforts to pursue Design-Driven Manufacturing? Design-Driven Manufacturing enables seamless integration of digital product data from multiple sources into a secure, version-controlled environment, eliminating manual data re-entry and reducing errors. By connecting open manufacturing tools with existing systems, it streamlines operations, enhances collaboration, and supports a culture of quality throughout the production process.",categorical,1,Not Pursued or Planned: Our company hasn’t pursued any effort like this.,
B1_1,"Which of the following best describes your company’s efforts to pursue Design-Driven Manufacturing? Design-Driven Manufacturing enables seamless integration of digital product data from multiple sources into a secure, version-controlled environment, eliminating manual data re-entry and reducing errors. By connecting open manufacturing tools with existing systems, it streamlines operations, enhances collaboration, and supports a culture of quality throughout the production process.",categorical,2,Planning Pursuit: Our company is planning to pursue this effort.,
B1_1,"Which of the following best describes your company’s efforts to pursue Design-Driven Manufacturing? Design-Driven Manufacturing enables seamless integration of digital product data from multiple sources into a secure, version-controlled environment, eliminating manual data re-entry and reducing errors. By connecting open manufacturing tools with existing systems, it streamlines operations, enhances collaboration, and supports a culture of quality throughout the production process.",categorical,3,Partially Pursued and Completed: Our company’s pursuit of this effort is in progress.,
B1_1,"Which of the following best describes your company’s efforts to pursue Design-Driven Manufacturing? Design-Driven Manufacturing enables seamless integration of digital product data from multiple sources into a secure, version-controlled environment, eliminating manual data re-entry and reducing errors. By connecting open manufacturing tools with existing systems, it streamlines operations, enhances collaboration, and supports a culture of quality throughout the production process.",categorical,4,Pursued and Completed: Our company has pursued and completed this effort.,
B1_1,"Which of the following best describes your company’s efforts to pursue Design-Driven Manufacturing? Design-Driven Manufacturing enables seamless integration of digital product data from multiple sources into a secure, version-controlled environment, eliminating manual data re-entry and reducing errors. By connecting open manufacturing tools with existing systems, it streamlines operations, enhances collaboration, and supports a culture of quality throughout the production process.",categorical,5,I do not understand what Design-Driven Manufacturing means or the definition is ambiguous.,
B2_1,"Which of the following best describes the value of Design-Driven Manufacturing to your company? Design-Driven Manufacturing enables seamless integration of digital product data from multiple sources into a secure, version-controlled environment, eliminating manual data re-entry and reducing errors. By connecting open manufacturing tools with existing systems, it streamlines operations, enhances collaboration, and supports a culture of quality throughout the production process.",categorical,0,0 No Value: This capability drives no value for our company.,
B2_1,"Which of the following best describes the value of Design-Driven Manufacturing to your company? Design-Driven Manufacturing enables seamless integration of digital product data from multiple sources into a secure, version-controlled environment, eliminating manual data re-entry and reducing errors. By connecting open manufacturing tools with existing systems, it streamlines operations, enhances collaboration, and supports a culture of quality throughout the production process.",categorical,1,1,
B2_1,"Which of the following best describes the value of Design-Driven Manufacturing to your company? Design-Driven Manufacturing enables seamless integration of digital product data from multiple sources into a secure, version-controlled environment, eliminating manual data re-entry and reducing errors. By connecting open manufacturing tools with existing systems, it streamlines operations, enhances collaboration, and supports a culture of quality throughout the production process.",categorical,2,2,
B2_1,"Which of the following best describes the value of Design-Driven Manufacturing to your company? Design-Driven Manufacturing enables seamless integration of digital product data from multiple sources into a secure, version-controlled environment, eliminating manual data re-entry and reducing errors. By connecting open manufacturing tools with existing systems, it streamlines operations, enhances collaboration, and supports a culture of quality throughout the production process.",categorical,3,3,
B2_1,"Which of the following best describes the value of Design-Driven Manufacturing to your company? Design-Driven Manufacturing enables seamless integration of digital product data from multiple sources into a secure, version-controlled environment, eliminating manual data re-entry and reducing errors. By connecting open manufacturing tools with existing systems, it streamlines operations, enhances collaboration, and supports a culture of quality throughout the production process.",categorical,4,4,
B2_1,"Which of the following best describes the value of Design-Driven Manufacturing to your company? Design-Driven Manufacturing enables seamless integration of digital product data from multiple sources into a secure, version-controlled environment, eliminating manual data re-entry and reducing errors. By connecting open manufacturing tools with existing systems, it streamlines operations, enhances collaboration, and supports a culture of quality throughout the production process.",categorical,5,5 Moderate Value: This capability drives moderate value for our company.,
B2_1,"Which of the following best describes the value of Design-Driven Manufacturing to your company? Design-Driven Manufacturing enables seamless integration of digital product data from multiple sources into a secure, version-controlled environment, eliminating manual data re-entry and reducing errors. By connecting open manufacturing tools with existing systems, it streamlines operations, enhances collaboration, and supports a culture of quality throughout the production process.",categorical,6,6,
B2_1,"Which of the following best describes the value of Design-Driven Manufacturing to your company? Design-Driven Manufacturing enables seamless integration of digital product data from multiple sources into a secure, version-controlled environment, eliminating manual data re-entry and reducing errors. By connecting open manufacturing tools with existing systems, it streamlines operations, enhances collaboration, and supports a culture of quality throughout the production process.",categorical,7,7,
B2_1,"Which of the following best describes the value of Design-Driven Manufacturing to your company? Design-Driven Manufacturing enables seamless integration of digital product data from multiple sources into a secure, version-controlled environment, eliminating manual data re-entry and reducing errors. By connecting open manufacturing tools with existing systems, it streamlines operations, enhances collaboration, and supports a culture of quality throughout the production process.",categorical,8,8,
B2_1,"Which of the following best describes the value of Design-Driven Manufacturing to your company? Design-Driven Manufacturing enables seamless integration of digital product data from multiple sources into a secure, version-controlled environment, eliminating manual data re-entry and reducing errors. By connecting open manufacturing tools with existing systems, it streamlines operations, enhances collaboration, and supports a culture of quality throughout the production process.",categorical,9,9,
B2_1,"Which of the following best describes the value of Design-Driven Manufacturing to your company? Design-Driven Manufacturing enables seamless integration of digital product data from multiple sources into a secure, version-controlled environment, eliminating manual data re-entry and reducing errors. By connecting open manufacturing tools with existing systems, it streamlines operations, enhances collaboration, and supports a culture of quality throughout the production process.",categorical,10,10 Preeminent Value: This capability drives top value for our company.,
B3_1,"Which of the following best describes the difficulty or ease of adopting Design-Driven Manufacturing to your company? Design-Driven Manufacturing enables seamless integration of digital product data from multiple sources into a secure, version-controlled environment, eliminating manual data re-entry and reducing errors. By connecting open manufacturing tools with existing systems, it streamlines operations, enhances collaboration, and supports a culture of quality throughout the production process.",categorical,0,0 No Difficulty: Our pursuit of this initiative has encountered no difficulty.,
B3_1,"Which of the following best describes the difficulty or ease of adopting Design-Driven Manufacturing to your company? Design-Driven Manufacturing enables seamless integration of digital product data from multiple sources into a secure, version-controlled environment, eliminating manual data re-entry and reducing errors. By connecting open manufacturing tools with existing systems, it streamlines operations, enhances collaboration, and supports a culture of quality throughout the production process.",categorical,1,1,
B3_1,"Which of the following best describes the difficulty or ease of adopting Design-Driven Manufacturing to your company? Design-Driven Manufacturing enables seamless integration of digital product data from multiple sources into a secure, version-controlled environment, eliminating manual data re-entry and reducing errors. By connecting open manufacturing tools with existing systems, it streamlines operations, enhances collaboration, and supports a culture of quality throughout the production process.",categorical,2,2,
B3_1,"Which of the following best describes the difficulty or ease of adopting Design-Driven Manufacturing to your company? Design-Driven Manufacturing enables seamless integration of digital product data from multiple sources into a secure, version-controlled environment, eliminating manual data re-entry and reducing errors. By connecting open manufacturing tools with existing systems, it streamlines operations, enhances collaboration, and supports a culture of quality throughout the production process.",categorical,3,3,
B3_1,"Which of the following best describes the difficulty or ease of adopting Design-Driven Manufacturing to your company? Design-Driven Manufacturing enables seamless integration of digital product data from multiple sources into a secure, version-controlled environment, eliminating manual data re-entry and reducing errors. By connecting open manufacturing tools with existing systems, it streamlines operations, enhances collaboration, and supports a culture of quality throughout the production process.",categorical,4,4,
B3_1,"Which of the following best describes the difficulty or ease of adopting Design-Driven Manufacturing to your company? Design-Driven Manufacturing enables seamless integration of digital product data from multiple sources into a secure, version-controlled environment, eliminating manual data re-entry and reducing errors. By connecting open manufacturing tools with existing systems, it streamlines operations, enhances collaboration, and supports a culture of quality throughout the production process.",categorical,5,5 Moderate Difficulty: Our pursuit of this initiative has encountered moderate difficulty.,
B3_1,"Which of the following best describes the difficulty or ease of adopting Design-Driven Manufacturing to your company? Design-Driven Manufacturing enables seamless integration of digital product data from multiple sources into a secure, version-controlled environment, eliminating manual data re-entry and reducing errors. By connecting open manufacturing tools with existing systems, it streamlines operations, enhances collaboration, and supports a culture of quality throughout the production process.",categorical,6,6,
B3_1,"Which of the following best describes the difficulty or ease of adopting Design-Driven Manufacturing to your company? Design-Driven Manufacturing enables seamless integration of digital product data from multiple sources into a secure, version-controlled environment, eliminating manual data re-entry and reducing errors. By connecting open manufacturing tools with existing systems, it streamlines operations, enhances collaboration, and supports a culture of quality throughout the production process.",categorical,7,7,
B3_1,"Which of the following best describes the difficulty or ease of adopting Design-Driven Manufacturing to your company? Design-Driven Manufacturing enables seamless integration of digital product data from multiple sources into a secure, version-controlled environment, eliminating manual data re-entry and reducing errors. By connecting open manufacturing tools with existing systems, it streamlines operations, enhances collaboration, and supports a culture of quality throughout the production process.",categorical,8,8,
B3_1,"Which of the following best describes the difficulty or ease of adopting Design-Driven Manufacturing to your company? Design-Driven Manufacturing enables seamless integration of digital product data from multiple sources into a secure, version-controlled environment, eliminating manual data re-entry and reducing errors. By connecting open manufacturing tools with existing systems, it streamlines operations, enhances collaboration, and supports a culture of quality throughout the production process.",categorical,9,9,
B3_1,"Which of the following best describes the difficulty or ease of adopting Design-Driven Manufacturing to your company? Design-Driven Manufacturing enables seamless integration of digital product data from multiple sources into a secure, version-controlled environment, eliminating manual data re-entry and reducing errors. By connecting open manufacturing tools with existing systems, it streamlines operations, enhances collaboration, and supports a culture of quality throughout the production process.",categorical,10,10 Extreme Difficulty: Our pursuit of this initiative has encountered extreme difficulty.,
QB2,Please share some details about your company’s experience with this Design-Driven Manufacturing.,text,,,
CP_FLAG_QB2,"Hidden: QB2 = Flag if Cut, Copy, Paste",boolean,1,TRUE,
CP_FLAG_QB2,"Hidden: QB2 = Flag if Cut, Copy, Paste",boolean,0,FALSE,
HID_API_QB2_F1,Dummy holds follow-up question back from smart probe api,text,,,
QB2_Score,Score from api,text,,,
QB2_F1,pipe:HID_API_QB2_F1,text,,,
CP_FLAG_QB2_F1,"Hidden: QB2_F1 = Flag if Cut, Copy, Paste",boolean,1,TRUE,
CP_FLAG_QB2_F1,"Hidden: QB2_F1 = Flag if Cut, Copy, Paste",boolean,0,FALSE,
QB2_F1_Score,Score from api,text,,,
B1_2,"Which of the following best describes your company’s efforts to pursue Agile Production Configuration? Agile Production Configuration brings configuration management principles from design into manufacturing, enabling efficient handling of smaller lot sizes and high product variability. This approach streamlines planning, reduces setup and inventory costs, and ensures consistent quality and predictable pricing, even in dynamic production environments.",categorical,1,Not Pursued or Planned: Our company hasn’t pursued any effort like this.,
B1_2,"Which of the following best describes your company’s efforts to pursue Agile Production Configuration? Agile Production Configuration brings configuration management principles from design into manufacturing, enabling efficient handling of smaller lot sizes and high product variability. This approach streamlines planning, reduces setup and inventory costs, and ensures consistent quality and predictable pricing, even in dynamic production environments.",categorical,2,Planning Pursuit: Our company is planning to pursue this effort.,
B1_2,"Which of the following best describes your company’s efforts to pursue Agile Production Configuration? Agile Production Configuration brings configuration management principles from design into manufacturing, enabling efficient handling of smaller lot sizes and high product variability. This approach streamlines planning, reduces setup and inventory costs, and ensures consistent quality and predictable pricing, even in dynamic production environments.",categorical,3,Partially Pursued and Completed: Our company’s pursuit of this effort is in progress.,
B1_2,"Which of the following best describes your company’s efforts to pursue Agile Production Configuration? Agile Production Configuration brings configuration management principles from design into manufacturing, enabling efficient handling of smaller lot sizes and high product variability. This approach streamlines planning, reduces setup and inventory costs, and ensures consistent quality and predictable pricing, even in dynamic production environments.",categorical,4,Pursued and Completed: Our company has pursued and completed this effort.,
B1_2,"Which of the following best describes your company’s efforts to pursue Agile Production Configuration? Agile Production Configuration brings configuration management principles from design into manufacturing, enabling efficient handling of smaller lot sizes and high product variability. This approach streamlines planning, reduces setup and inventory costs, and ensures consistent quality and predictable pricing, even in dynamic production environments.",categorical,5,I do not understand what Agile Production Configuration means or the definition is ambiguous.,
B2_2,"Which of the following best describes the value of Agile Production Configuration to your company? Agile Production Configuration brings configuration management principles from design into manufacturing, enabling efficient handling of smaller lot sizes and high product variability. This approach streamlines planning, reduces setup and inventory costs, and ensures consistent quality and predictable pricing, even in dynamic production environments.",categorical,0,0 No Value: This capability drives no value for our company.,
B2_2,"Which of the following best describes the value of Agile Production Configuration to your company? Agile Production Configuration brings configuration management principles from design into manufacturing, enabling efficient handling of smaller lot sizes and high product variability. This approach streamlines planning, reduces setup and inventory costs, and ensures consistent quality and predictable pricing, even in dynamic production environments.",categorical,1,1,
B2_2,"Which of the following best describes the value of Agile Production Configuration to your company? Agile Production Configuration brings configuration management principles from design into manufacturing, enabling efficient handling of smaller lot sizes and high product variability. This approach streamlines planning, reduces setup and inventory costs, and ensures consistent quality and predictable pricing, even in dynamic production environments.",categorical,2,2,
B2_2,"Which of the following best describes the value of Agile Production Configuration to your company? Agile Production Configuration brings configuration management principles from design into manufacturing, enabling efficient handling of smaller lot sizes and high product variability. This approach streamlines planning, reduces setup and inventory costs, and ensures consistent quality and predictable pricing, even in dynamic production environments.",categorical,3,3,
B2_2,"Which of the following best describes the value of Agile Production Configuration to your company? Agile Production Configuration brings configuration management principles from design into manufacturing, enabling efficient handling of smaller lot sizes and high product variability. This approach streamlines planning, reduces setup and inventory costs, and ensures consistent quality and predictable pricing, even in dynamic production environments.",categorical,4,4,
B2_2,"Which of the following best describes the value of Agile Production Configuration to your company? Agile Production Configuration brings configuration management principles from design into manufacturing, enabling efficient handling of smaller lot sizes and high product variability. This approach streamlines planning, reduces setup and inventory costs, and ensures consistent quality and predictable pricing, even in dynamic production environments.",categorical,5,5 Moderate Value: This capability drives moderate value for our company.,
B2_2,"Which of the following best describes the value of Agile Production Configuration to your company? Agile Production Configuration brings configuration management principles from design into manufacturing, enabling efficient handling of smaller lot sizes and high product variability. This approach streamlines planning, reduces setup and inventory costs, and ensures consistent quality and predictable pricing, even in dynamic production environments.",categorical,6,6,
B2_2,"Which of the following best describes the value of Agile Production Configuration to your company? Agile Production Configuration brings configuration management principles from design into manufacturing, enabling efficient handling of smaller lot sizes and high product variability. This approach streamlines planning, reduces setup and inventory costs, and ensures consistent quality and predictable pricing, even in dynamic production environments.",categorical,7,7,
B2_2,"Which of the following best describes the value of Agile Production Configuration to your company? Agile Production Configuration brings configuration management principles from design into manufacturing, enabling efficient handling of smaller lot sizes and high product variability. This approach streamlines planning, reduces setup and inventory costs, and ensures consistent quality and predictable pricing, even in dynamic production environments.",categorical,8,8,
B2_2,"Which of the following best describes the value of Agile Production Configuration to your company? Agile Production Configuration brings configuration management principles from design into manufacturing, enabling efficient handling of smaller lot sizes and high product variability. This approach streamlines planning, reduces setup and inventory costs, and ensures consistent quality and predictable pricing, even in dynamic production environments.",categorical,9,9,
B2_2,"Which of the following best describes the value of Agile Production Configuration to your company? Agile Production Configuration brings configuration management principles from design into manufacturing, enabling efficient handling of smaller lot sizes and high product variability. This approach streamlines planning, reduces setup and inventory costs, and ensures consistent quality and predictable pricing, even in dynamic production environments.",categorical,10,10 Preeminent Value: This capability drives top value for our company.,
B3_2,"Which of the following best describes the difficulty or ease of adopting Agile Production Configuration to your company? Agile Production Configuration brings configuration management principles from design into manufacturing, enabling efficient handling of smaller lot sizes and high product variability. This approach streamlines planning, reduces setup and inventory costs, and ensures consistent quality and predictable pricing, even in dynamic production environments.",categorical,0,0 No Difficulty: Our pursuit of this initiative has encountered no difficulty.,
B3_2,"Which of the following best describes the difficulty or ease of adopting Agile Production Configuration to your company? Agile Production Configuration brings configuration management principles from design into manufacturing, enabling efficient handling of smaller lot sizes and high product variability. This approach streamlines planning, reduces setup and inventory costs, and ensures consistent quality and predictable pricing, even in dynamic production environments.",categorical,1,1,
B3_2,"Which of the following best describes the difficulty or ease of adopting Agile Production Configuration to your company? Agile Production Configuration brings configuration management principles from design into manufacturing, enabling efficient handling of smaller lot sizes and high product variability. This approach streamlines planning, reduces setup and inventory costs, and ensures consistent quality and predictable pricing, even in dynamic production environments.",categorical,2,2,
B3_2,"Which of the following best describes the difficulty or ease of adopting Agile Production Configuration to your company? Agile Production Configuration brings configuration management principles from design into manufacturing, enabling efficient handling of smaller lot sizes and high product variability. This approach streamlines planning, reduces setup and inventory costs, and ensures consistent quality and predictable pricing, even in dynamic production environments.",categorical,3,3,
B3_2,"Which of the following best describes the difficulty or ease of adopting Agile Production Configuration to your company? Agile Production Configuration brings configuration management principles from design into manufacturing, enabling efficient handling of smaller lot sizes and high product variability. This approach streamlines planning, reduces setup and inventory costs, and ensures consistent quality and predictable pricing, even in dynamic production environments.",categorical,4,4,
B3_2,"Which of the following best describes the difficulty or ease of adopting Agile Production Configuration to your company? Agile Production Configuration brings configuration management principles from design into manufacturing, enabling efficient handling of smaller lot sizes and high product variability. This approach streamlines planning, reduces setup and inventory costs, and ensures consistent quality and predictable pricing, even in dynamic production environments.",categorical,5,5 Moderate Difficulty: Our pursuit of this initiative has encountered moderate difficulty.,
B3_2,"Which of the following best describes the difficulty or ease of adopting Agile Production Configuration to your company? Agile Production Configuration brings configuration management principles from design into manufacturing, enabling efficient handling of smaller lot sizes and high product variability. This approach streamlines planning, reduces setup and inventory costs, and ensures consistent quality and predictable pricing, even in dynamic production environments.",categorical,6,6,
B3_2,"Which of the following best describes the difficulty or ease of adopting Agile Production Configuration to your company? Agile Production Configuration brings configuration management principles from design into manufacturing, enabling efficient handling of smaller lot sizes and high product variability. This approach streamlines planning, reduces setup and inventory costs, and ensures consistent quality and predictable pricing, even in dynamic production environments.",categorical,7,7,
B3_2,"Which of the following best describes the difficulty or ease of adopting Agile Production Configuration to your company? Agile Production Configuration brings configuration management principles from design into manufacturing, enabling efficient handling of smaller lot sizes and high product variability. This approach streamlines planning, reduces setup and inventory costs, and ensures consistent quality and predictable pricing, even in dynamic production environments.",categorical,8,8,
B3_2,"Which of the following best describes the difficulty or ease of adopting Agile Production Configuration to your company? Agile Production Configuration brings configuration management principles from design into manufacturing, enabling efficient handling of smaller lot sizes and high product variability. This approach streamlines planning, reduces setup and inventory costs, and ensures consistent quality and predictable pricing, even in dynamic production environments.",categorical,9,9,
B3_2,"Which of the following best describes the difficulty or ease of adopting Agile Production Configuration to your company? Agile Production Configuration brings configuration management principles from design into manufacturing, enabling efficient handling of smaller lot sizes and high product variability. This approach streamlines planning, reduces setup and inventory costs, and ensures consistent quality and predictable pricing, even in dynamic production environments.",categorical,10,10 Extreme Difficulty: Our pursuit of this initiative has encountered extreme difficulty.,
QB3,Please share some details about your company’s experience with this Agile Production Configuration.,text,,,
CP_FLAG_QB3,"Hidden: QB3 = Flag if Cut, Copy, Paste",boolean,1,TRUE,
CP_FLAG_QB3,"Hidden: QB3 = Flag if Cut, Copy, Paste",boolean,0,FALSE,
HID_API_QB3_F1,Dummy holds follow-up question back from smart probe api,text,,,
QB3_Score,Score from api,text,,,
QB3_F1,pipe:HID_API_QB3_F1,text,,,
CP_FLAG_QB3_F1,"Hidden: QB3_F1 = Flag if Cut, Copy, Paste",boolean,1,TRUE,
CP_FLAG_QB3_F1,"Hidden: QB3_F1 = Flag if Cut, Copy, Paste",boolean,0,FALSE,
QB3_F1_Score,Score from api,text,,,
B1_3,"Which of the following best describes your company’s efforts to pursue Data- Driven Transparency? Data- Driven Transparency brings configuration management principles from design into manufacturing, enabling efficient handling of smaller lot sizes and high product variability. This approach streamlines planning, reduces setup and inventory costs, and ensures consistent quality and predictable pricing, even in dynamic production environments.",categorical,1,Not Pursued or Planned: Our company hasn’t pursued any effort like this.,
B1_3,"Which of the following best describes your company’s efforts to pursue Data- Driven Transparency? Data- Driven Transparency brings configuration management principles from design into manufacturing, enabling efficient handling of smaller lot sizes and high product variability. This approach streamlines planning, reduces setup and inventory costs, and ensures consistent quality and predictable pricing, even in dynamic production environments.",categorical,2,Planning Pursuit: Our company is planning to pursue this effort.,
B1_3,"Which of the following best describes your company’s efforts to pursue Data- Driven Transparency? Data- Driven Transparency brings configuration management principles from design into manufacturing, enabling efficient handling of smaller lot sizes and high product variability. This approach streamlines planning, reduces setup and inventory costs, and ensures consistent quality and predictable pricing, even in dynamic production environments.",categorical,3,Partially Pursued and Completed: Our company’s pursuit of this effort is in progress.,
B1_3,"Which of the following best describes your company’s efforts to pursue Data- Driven Transparency? Data- Driven Transparency brings configuration management principles from design into manufacturing, enabling efficient handling of smaller lot sizes and high product variability. This approach streamlines planning, reduces setup and inventory costs, and ensures consistent quality and predictable pricing, even in dynamic production environments.",categorical,4,Pursued and Completed: Our company has pursued and completed this effort.,
B1_3,"Which of the following best describes your company’s efforts to pursue Data- Driven Transparency? Data- Driven Transparency brings configuration management principles from design into manufacturing, enabling efficient handling of smaller lot sizes and high product variability. This approach streamlines planning, reduces setup and inventory costs, and ensures consistent quality and predictable pricing, even in dynamic production environments.",categorical,5,I do not understand what Data- Driven Transparency means or the definition is ambiguous.,
B2_3,"Which of the following best describes the value of Data- Driven Transparency to your company? Data- Driven Transparency brings configuration management principles from design into manufacturing, enabling efficient handling of smaller lot sizes and high product variability. This approach streamlines planning, reduces setup and inventory costs, and ensures consistent quality and predictable pricing, even in dynamic production environments.",categorical,0,0 No Value: This capability drives no value for our company.,
B2_3,"Which of the following best describes the value of Data- Driven Transparency to your company? Data- Driven Transparency brings configuration management principles from design into manufacturing, enabling efficient handling of smaller lot sizes and high product variability. This approach streamlines planning, reduces setup and inventory costs, and ensures consistent quality and predictable pricing, even in dynamic production environments.",categorical,1,1,
B2_3,"Which of the following best describes the value of Data- Driven Transparency to your company? Data- Driven Transparency brings configuration management principles from design into manufacturing, enabling efficient handling of smaller lot sizes and high product variability. This approach streamlines planning, reduces setup and inventory costs, and ensures consistent quality and predictable pricing, even in dynamic production environments.",categorical,2,2,
B2_3,"Which of the following best describes the value of Data- Driven Transparency to your company? Data- Driven Transparency brings configuration management principles from design into manufacturing, enabling efficient handling of smaller lot sizes and high product variability. This approach streamlines planning, reduces setup and inventory costs, and ensures consistent quality and predictable pricing, even in dynamic production environments.",categorical,3,3,
B2_3,"Which of the following best describes the value of Data- Driven Transparency to your company? Data- Driven Transparency brings configuration management principles from design into manufacturing, enabling efficient handling of smaller lot sizes and high product variability. This approach streamlines planning, reduces setup and inventory costs, and ensures consistent quality and predictable pricing, even in dynamic production environments.",categorical,4,4,
B2_3,"Which of the following best describes the value of Data- Driven Transparency to your company? Data- Driven Transparency brings configuration management principles from design into manufacturing, enabling efficient handling of smaller lot sizes and high product variability. This approach streamlines planning, reduces setup and inventory costs, and ensures consistent quality and predictable pricing, even in dynamic production environments.",categorical,5,5 Moderate Value: This capability drives moderate value for our company.,
B2_3,"Which of the following best describes the value of Data- Driven Transparency to your company? Data- Driven Transparency brings configuration management principles from design into manufacturing, enabling efficient handling of smaller lot sizes and high product variability. This approach streamlines planning, reduces setup and inventory costs, and ensures consistent quality and predictable pricing, even in dynamic production environments.",categorical,6,6,
B2_3,"Which of the following best describes the value of Data- Driven Transparency to your company? Data- Driven Transparency brings configuration management principles from design into manufacturing, enabling efficient handling of smaller lot sizes and high product variability. This approach streamlines planning, reduces setup and inventory costs, and ensures consistent quality and predictable pricing, even in dynamic production environments.",categorical,7,7,
B2_3,"Which of the following best describes the value of Data- Driven Transparency to your company? Data- Driven Transparency brings configuration management principles from design into manufacturing, enabling efficient handling of smaller lot sizes and high product variability. This approach streamlines planning, reduces setup and inventory costs, and ensures consistent quality and predictable pricing, even in dynamic production environments.",categorical,8,8,
B2_3,"Which of the following best describes the value of Data- Driven Transparency to your company? Data- Driven Transparency brings configuration management principles from design into manufacturing, enabling efficient handling of smaller lot sizes and high product variability. This approach streamlines planning, reduces setup and inventory costs, and ensures consistent quality and predictable pricing, even in dynamic production environments.",categorical,9,9,
B2_3,"Which of the following best describes the value of Data- Driven Transparency to your company? Data- Driven Transparency brings configuration management principles from design into manufacturing, enabling efficient handling of smaller lot sizes and high product variability. This approach streamlines planning, reduces setup and inventory costs, and ensures consistent quality and predictable pricing, even in dynamic production environments.",categorical,10,10 Preeminent Value: This capability drives top value for our company.,
B3_3,"Which of the following best describes the difficulty or ease of adopting Data- Driven Transparency to your company? Data- Driven Transparency brings configuration management principles from design into manufacturing, enabling efficient handling of smaller lot sizes and high product variability. This approach streamlines planning, reduces setup and inventory costs, and ensures consistent quality and predictable pricing, even in dynamic production environments.",categorical,0,0 No Difficulty: Our pursuit of this initiative has encountered no difficulty.,
B3_3,"Which of the following best describes the difficulty or ease of adopting Data- Driven Transparency to your company? Data- Driven Transparency brings configuration management principles from design into manufacturing, enabling efficient handling of smaller lot sizes and high product variability. This approach streamlines planning, reduces setup and inventory costs, and ensures consistent quality and predictable pricing, even in dynamic production environments.",categorical,1,1,
B3_3,"Which of the following best describes the difficulty or ease of adopting Data- Driven Transparency to your company? Data- Driven Transparency brings configuration management principles from design into manufacturing, enabling efficient handling of smaller lot sizes and high product variability. This approach streamlines planning, reduces setup and inventory costs, and ensures consistent quality and predictable pricing, even in dynamic production environments.",categorical,2,2,
B3_3,"Which of the following best describes the difficulty or ease of adopting Data- Driven Transparency to your company? Data- Driven Transparency brings configuration management principles from design into manufacturing, enabling efficient handling of smaller lot sizes and high product variability. This approach streamlines planning, reduces setup and inventory costs, and ensures consistent quality and predictable pricing, even in dynamic production environments.",categorical,3,3,
B3_3,"Which of the following best describes the difficulty or ease of adopting Data- Driven Transparency to your company? Data- Driven Transparency brings configuration management principles from design into manufacturing, enabling efficient handling of smaller lot sizes and high product variability. This approach streamlines planning, reduces setup and inventory costs, and ensures consistent quality and predictable pricing, even in dynamic production environments.",categorical,4,4,
B3_3,"Which of the following best describes the difficulty or ease of adopting Data- Driven Transparency to your company? Data- Driven Transparency brings configuration management principles from design into manufacturing, enabling efficient handling of smaller lot sizes and high product variability. This approach streamlines planning, reduces setup and inventory costs, and ensures consistent quality and predictable pricing, even in dynamic production environments.",categorical,5,5 Moderate Difficulty: Our pursuit of this initiative has encountered moderate difficulty.,
B3_3,"Which of the following best describes the difficulty or ease of adopting Data- Driven Transparency to your company? Data- Driven Transparency brings configuration management principles from design into manufacturing, enabling efficient handling of smaller lot sizes and high product variability. This approach streamlines planning, reduces setup and inventory costs, and ensures consistent quality and predictable pricing, even in dynamic production environments.",categorical,6,6,
B3_3,"Which of the following best describes the difficulty or ease of adopting Data- Driven Transparency to your company? Data- Driven Transparency brings configuration management principles from design into manufacturing, enabling efficient handling of smaller lot sizes and high product variability. This approach streamlines planning, reduces setup and inventory costs, and ensures consistent quality and predictable pricing, even in dynamic production environments.",categorical,7,7,
B3_3,"Which of the following best describes the difficulty or ease of adopting Data- Driven Transparency to your company? Data- Driven Transparency brings configuration management principles from design into manufacturing, enabling efficient handling of smaller lot sizes and high product variability. This approach streamlines planning, reduces setup and inventory costs, and ensures consistent quality and predictable pricing, even in dynamic production environments.",categorical,8,8,
B3_3,"Which of the following best describes the difficulty or ease of adopting Data- Driven Transparency to your company? Data- Driven Transparency brings configuration management principles from design into manufacturing, enabling efficient handling of smaller lot sizes and high product variability. This approach streamlines planning, reduces setup and inventory costs, and ensures consistent quality and predictable pricing, even in dynamic production environments.",categorical,9,9,
B3_3,"Which of the following best describes the difficulty or ease of adopting Data- Driven Transparency to your company? Data- Driven Transparency brings configuration management principles from design into manufacturing, enabling efficient handling of smaller lot sizes and high product variability. This approach streamlines planning, reduces setup and inventory costs, and ensures consistent quality and predictable pricing, even in dynamic production environments.",categorical,10,10 Extreme Difficulty: Our pursuit of this initiative has encountered extreme difficulty.,
QB4,Please share some details about your company’s experience with this Data- Driven Transparency.,text,,,
CP_FLAG_QB4,"Hidden: QB4 = Flag if Cut, Copy, Paste",boolean,1,TRUE,
CP_FLAG_QB4,"Hidden: QB4 = Flag if Cut, Copy, Paste",boolean,0,FALSE,
HID_API_QB4_F1,Dummy holds follow-up question back from smart probe api,text,,,
QB4_Score,Score from api,text,,,
QB4_F1,pipe:HID_API_QB4_F1,text,,,
CP_FLAG_QB4_F1,"Hidden: QB4_F1 = Flag if Cut, Copy, Paste",boolean,1,TRUE,
CP_FLAG_QB4_F1,"Hidden: QB4_F1 = Flag if Cut, Copy, Paste",boolean,0,FALSE,
QB4_F1_Score,Score from api,text,,,
B1_4,"Which of the following best describes your company’s efforts to pursue Seamless Automation? Seamless Automation brings configuration management principles from design into manufacturing, enabling efficient handling of smaller lot sizes and high product variability. This approach streamlines planning, reduces setup and inventory costs, and ensures consistent quality and predictable pricing, even in dynamic production environments.",categorical,1,Not Pursued or Planned: Our company hasn’t pursued any effort like this.,
B1_4,"Which of the following best describes your company’s efforts to pursue Seamless Automation? Seamless Automation brings configuration management principles from design into manufacturing, enabling efficient handling of smaller lot sizes and high product variability. This approach streamlines planning, reduces setup and inventory costs, and ensures consistent quality and predictable pricing, even in dynamic production environments.",categorical,2,Planning Pursuit: Our company is planning to pursue this effort.,
B1_4,"Which of the following best describes your company’s efforts to pursue Seamless Automation? Seamless Automation brings configuration management principles from design into manufacturing, enabling efficient handling of smaller lot sizes and high product variability. This approach streamlines planning, reduces setup and inventory costs, and ensures consistent quality and predictable pricing, even in dynamic production environments.",categorical,3,Partially Pursued and Completed: Our company’s pursuit of this effort is in progress.,
B1_4,"Which of the following best describes your company’s efforts to pursue Seamless Automation? Seamless Automation brings configuration management principles from design into manufacturing, enabling efficient handling of smaller lot sizes and high product variability. This approach streamlines planning, reduces setup and inventory costs, and ensures consistent quality and predictable pricing, even in dynamic production environments.",categorical,4,Pursued and Completed: Our company has pursued and completed this effort.,
B1_4,"Which of the following best describes your company’s efforts to pursue Seamless Automation? Seamless Automation brings configuration management principles from design into manufacturing, enabling efficient handling of smaller lot sizes and high product variability. This approach streamlines planning, reduces setup and inventory costs, and ensures consistent quality and predictable pricing, even in dynamic production environments.",categorical,5,I do not understand what Seamless Automation means or the definition is ambiguous.,
B2_4,"Which of the following best describes the value of Seamless Automation to your company? Seamless Automation brings configuration management principles from design into manufacturing, enabling efficient handling of smaller lot sizes and high product variability. This approach streamlines planning, reduces setup and inventory costs, and ensures consistent quality and predictable pricing, even in dynamic production environments.",categorical,0,0 No Value: This capability drives no value for our company.,
B2_4,"Which of the following best describes the value of Seamless Automation to your company? Seamless Automation brings configuration management principles from design into manufacturing, enabling efficient handling of smaller lot sizes and high product variability. This approach streamlines planning, reduces setup and inventory costs, and ensures consistent quality and predictable pricing, even in dynamic production environments.",categorical,1,1,
B2_4,"Which of the following best describes the value of Seamless Automation to your company? Seamless Automation brings configuration management principles from design into manufacturing, enabling efficient handling of smaller lot sizes and high product variability. This approach streamlines planning, reduces setup and inventory costs, and ensures consistent quality and predictable pricing, even in dynamic production environments.",categorical,2,2,
B2_4,"Which of the following best describes the value of Seamless Automation to your company? Seamless Automation brings configuration management principles from design into manufacturing, enabling efficient handling of smaller lot sizes and high product variability. This approach streamlines planning, reduces setup and inventory costs, and ensures consistent quality and predictable pricing, even in dynamic production environments.",categorical,3,3,
B2_4,"Which of the following best describes the value of Seamless Automation to your company? Seamless Automation brings configuration management principles from design into manufacturing, enabling efficient handling of smaller lot sizes and high product variability. This approach streamlines planning, reduces setup and inventory costs, and ensures consistent quality and predictable pricing, even in dynamic production environments.",categorical,4,4,
B2_4,"Which of the following best describes the value of Seamless Automation to your company? Seamless Automation brings configuration management principles from design into manufacturing, enabling efficient handling of smaller lot sizes and high product variability. This approach streamlines planning, reduces setup and inventory costs, and ensures consistent quality and predictable pricing, even in dynamic production environments.",categorical,5,5 Moderate Value: This capability drives moderate value for our company.,
B2_4,"Which of the following best describes the value of Seamless Automation to your company? Seamless Automation brings configuration management principles from design into manufacturing, enabling efficient handling of smaller lot sizes and high product variability. This approach streamlines planning, reduces setup and inventory costs, and ensures consistent quality and predictable pricing, even in dynamic production environments.",categorical,6,6,
B2_4,"Which of the following best describes the value of Seamless Automation to your company? Seamless Automation brings configuration management principles from design into manufacturing, enabling efficient handling of smaller lot sizes and high product variability. This approach streamlines planning, reduces setup and inventory costs, and ensures consistent quality and predictable pricing, even in dynamic production environments.",categorical,7,7,
B2_4,"Which of the following best describes the value of Seamless Automation to your company? Seamless Automation brings configuration management principles from design into manufacturing, enabling efficient handling of smaller lot sizes and high product variability. This approach streamlines planning, reduces setup and inventory costs, and ensures consistent quality and predictable pricing, even in dynamic production environments.",categorical,8,8,
B2_4,"Which of the following best describes the value of Seamless Automation to your company? Seamless Automation brings configuration management principles from design into manufacturing, enabling efficient handling of smaller lot sizes and high product variability. This approach streamlines planning, reduces setup and inventory costs, and ensures consistent quality and predictable pricing, even in dynamic production environments.",categorical,9,9,
B2_4,"Which of the following best describes the value of Seamless Automation to your company? Seamless Automation brings configuration management principles from design into manufacturing, enabling efficient handling of smaller lot sizes and high product variability. This approach streamlines planning, reduces setup and inventory costs, and ensures consistent quality and predictable pricing, even in dynamic production environments.",categorical,10,10 Preeminent Value: This capability drives top value for our company.,
B3_4,"Which of the following best describes the difficulty or ease of adopting Seamless Automation to your company? Seamless Automation brings configuration management principles from design into manufacturing, enabling efficient handling of smaller lot sizes and high product variability. This approach streamlines planning, reduces setup and inventory costs, and ensures consistent quality and predictable pricing, even in dynamic production environments.",categorical,0,0 No Difficulty: Our pursuit of this initiative has encountered no difficulty.,
B3_4,"Which of the following best describes the difficulty or ease of adopting Seamless Automation to your company? Seamless Automation brings configuration management principles from design into manufacturing, enabling efficient handling of smaller lot sizes and high product variability. This approach streamlines planning, reduces setup and inventory costs, and ensures consistent quality and predictable pricing, even in dynamic production environments.",categorical,1,1,
B3_4,"Which of the following best describes the difficulty or ease of adopting Seamless Automation to your company? Seamless Automation brings configuration management principles from design into manufacturing, enabling efficient handling of smaller lot sizes and high product variability. This approach streamlines planning, reduces setup and inventory costs, and ensures consistent quality and predictable pricing, even in dynamic production environments.",categorical,2,2,
B3_4,"Which of the following best describes the difficulty or ease of adopting Seamless Automation to your company? Seamless Automation brings configuration management principles from design into manufacturing, enabling efficient handling of smaller lot sizes and high product variability. This approach streamlines planning, reduces setup and inventory costs, and ensures consistent quality and predictable pricing, even in dynamic production environments.",categorical,3,3,
B3_4,"Which of the following best describes the difficulty or ease of adopting Seamless Automation to your company? Seamless Automation brings configuration management principles from design into manufacturing, enabling efficient handling of smaller lot sizes and high product variability. This approach streamlines planning, reduces setup and inventory costs, and ensures consistent quality and predictable pricing, even in dynamic production environments.",categorical,4,4,
B3_4,"Which of the following best describes the difficulty or ease of adopting Seamless Automation to your company? Seamless Automation brings configuration management principles from design into manufacturing, enabling efficient handling of smaller lot sizes and high product variability. This approach streamlines planning, reduces setup and inventory costs, and ensures consistent quality and predictable pricing, even in dynamic production environments.",categorical,5,5 Moderate Difficulty: Our pursuit of this initiative has encountered moderate difficulty.,
B3_4,"Which of the following best describes the difficulty or ease of adopting Seamless Automation to your company? Seamless Automation brings configuration management principles from design into manufacturing, enabling efficient handling of smaller lot sizes and high product variability. This approach streamlines planning, reduces setup and inventory costs, and ensures consistent quality and predictable pricing, even in dynamic production environments.",categorical,6,6,
B3_4,"Which of the following best describes the difficulty or ease of adopting Seamless Automation to your company? Seamless Automation brings configuration management principles from design into manufacturing, enabling efficient handling of smaller lot sizes and high product variability. This approach streamlines planning, reduces setup and inventory costs, and ensures consistent quality and predictable pricing, even in dynamic production environments.",categorical,7,7,
B3_4,"Which of the following best describes the difficulty or ease of adopting Seamless Automation to your company? Seamless Automation brings configuration management principles from design into manufacturing, enabling efficient handling of smaller lot sizes and high product variability. This approach streamlines planning, reduces setup and inventory costs, and ensures consistent quality and predictable pricing, even in dynamic production environments.",categorical,8,8,
B3_4,"Which of the following best describes the difficulty or ease of adopting Seamless Automation to your company? Seamless Automation brings configuration management principles from design into manufacturing, enabling efficient handling of smaller lot sizes and high product variability. This approach streamlines planning, reduces setup and inventory costs, and ensures consistent quality and predictable pricing, even in dynamic production environments.",categorical,9,9,
B3_4,"Which of the following best describes the difficulty or ease of adopting Seamless Automation to your company? Seamless Automation brings configuration management principles from design into manufacturing, enabling efficient handling of smaller lot sizes and high product variability. This approach streamlines planning, reduces setup and inventory costs, and ensures consistent quality and predictable pricing, even in dynamic production environments.",categorical,10,10 Extreme Difficulty: Our pursuit of this initiative has encountered extreme difficulty.,
QB5,Please share some details about your company’s experience with this Seamless Automation.,text,,,
CP_FLAG_QB5,"Hidden: QB5 = Flag if Cut, Copy, Paste",boolean,1,TRUE,
CP_FLAG_QB5,"Hidden: QB5 = Flag if Cut, Copy, Paste",boolean,0,FALSE,
HID_API_QB5_F1,Dummy holds follow-up question back from smart probe api,text,,,
QB5_Score,Score from api,text,,,
QB5_F1,pipe:HID_API_QB5_F1,text,,,
CP_FLAG_QB5_F1,"Hidden: QB5_F1 = Flag if Cut, Copy, Paste",boolean,1,TRUE,
CP_FLAG_QB5_F1,"Hidden: QB5_F1 = Flag if Cut, Copy, Paste",boolean,0,FALSE,
QB5_F1_Score,Score from api,text,,,
B1_5,"Which of the following best describes your company’s efforts to pursue Adaptable Production? Adaptable Production brings configuration management principles from design into manufacturing, enabling efficient handling of smaller lot sizes and high product variability. This approach streamlines planning, reduces setup and inventory costs, and ensures consistent quality and predictable pricing, even in dynamic production environments.",categorical,1,Not Pursued or Planned: Our company hasn’t pursued any effort like this.,
B1_5,"Which of the following best describes your company’s efforts to pursue Adaptable Production? Adaptable Production brings configuration management principles from design into manufacturing, enabling efficient handling of smaller lot sizes and high product variability. This approach streamlines planning, reduces setup and inventory costs, and ensures consistent quality and predictable pricing, even in dynamic production environments.",categorical,2,Planning Pursuit: Our company is planning to pursue this effort.,
B1_5,"Which of the following best describes your company’s efforts to pursue Adaptable Production? Adaptable Production brings configuration management principles from design into manufacturing, enabling efficient handling of smaller lot sizes and high product variability. This approach streamlines planning, reduces setup and inventory costs, and ensures consistent quality and predictable pricing, even in dynamic production environments.",categorical,3,Partially Pursued and Completed: Our company’s pursuit of this effort is in progress.,
B1_5,"Which of the following best describes your company’s efforts to pursue Adaptable Production? Adaptable Production brings configuration management principles from design into manufacturing, enabling efficient handling of smaller lot sizes and high product variability. This approach streamlines planning, reduces setup and inventory costs, and ensures consistent quality and predictable pricing, even in dynamic production environments.",categorical,4,Pursued and Completed: Our company has pursued and completed this effort.,
B1_5,"Which of the following best describes your company’s efforts to pursue Adaptable Production? Adaptable Production brings configuration management principles from design into manufacturing, enabling efficient handling of smaller lot sizes and high product variability. This approach streamlines planning, reduces setup and inventory costs, and ensures consistent quality and predictable pricing, even in dynamic production environments.",categorical,5,I do not understand what Adaptable Production means or the definition is ambiguous.,
B2_5,"Which of the following best describes the value of Adaptable Production to your company? Adaptable Production brings configuration management principles from design into manufacturing, enabling efficient handling of smaller lot sizes and high product variability. This approach streamlines planning, reduces setup and inventory costs, and ensures consistent quality and predictable pricing, even in dynamic production environments.",categorical,0,0 No Value: This capability drives no value for our company.,
B2_5,"Which of the following best describes the value of Adaptable Production to your company? Adaptable Production brings configuration management principles from design into manufacturing, enabling efficient handling of smaller lot sizes and high product variability. This approach streamlines planning, reduces setup and inventory costs, and ensures consistent quality and predictable pricing, even in dynamic production environments.",categorical,1,1,
B2_5,"Which of the following best describes the value of Adaptable Production to your company? Adaptable Production brings configuration management principles from design into manufacturing, enabling efficient handling of smaller lot sizes and high product variability. This approach streamlines planning, reduces setup and inventory costs, and ensures consistent quality and predictable pricing, even in dynamic production environments.",categorical,2,2,
B2_5,"Which of the following best describes the value of Adaptable Production to your company? Adaptable Production brings configuration management principles from design into manufacturing, enabling efficient handling of smaller lot sizes and high product variability. This approach streamlines planning, reduces setup and inventory costs, and ensures consistent quality and predictable pricing, even in dynamic production environments.",categorical,3,3,
B2_5,"Which of the following best describes the value of Adaptable Production to your company? Adaptable Production brings configuration management principles from design into manufacturing, enabling efficient handling of smaller lot sizes and high product variability. This approach streamlines planning, reduces setup and inventory costs, and ensures consistent quality and predictable pricing, even in dynamic production environments.",categorical,4,4,
B2_5,"Which of the following best describes the value of Adaptable Production to your company? Adaptable Production brings configuration management principles from design into manufacturing, enabling efficient handling of smaller lot sizes and high product variability. This approach streamlines planning, reduces setup and inventory costs, and ensures consistent quality and predictable pricing, even in dynamic production environments.",categorical,5,5 Moderate Value: This capability drives moderate value for our company.,
B2_5,"Which of the following best describes the value of Adaptable Production to your company? Adaptable Production brings configuration management principles from design into manufacturing, enabling efficient handling of smaller lot sizes and high product variability. This approach streamlines planning, reduces setup and inventory costs, and ensures consistent quality and predictable pricing, even in dynamic production environments.",categorical,6,6,
B2_5,"Which of the following best describes the value of Adaptable Production to your company? Adaptable Production brings configuration management principles from design into manufacturing, enabling efficient handling of smaller lot sizes and high product variability. This approach streamlines planning, reduces setup and inventory costs, and ensures consistent quality and predictable pricing, even in dynamic production environments.",categorical,7,7,
B2_5,"Which of the following best describes the value of Adaptable Production to your company? Adaptable Production brings configuration management principles from design into manufacturing, enabling efficient handling of smaller lot sizes and high product variability. This approach streamlines planning, reduces setup and inventory costs, and ensures consistent quality and predictable pricing, even in dynamic production environments.",categorical,8,8,
B2_5,"Which of the following best describes the value of Adaptable Production to your company? Adaptable Production brings configuration management principles from design into manufacturing, enabling efficient handling of smaller lot sizes and high product variability. This approach streamlines planning, reduces setup and inventory costs, and ensures consistent quality and predictable pricing, even in dynamic production environments.",categorical,9,9,
B2_5,"Which of the following best describes the value of Adaptable Production to your company? Adaptable Production brings configuration management principles from design into manufacturing, enabling efficient handling of smaller lot sizes and high product variability. This approach streamlines planning, reduces setup and inventory costs, and ensures consistent quality and predictable pricing, even in dynamic production environments.",categorical,10,10 Preeminent Value: This capability drives top value for our company.,
B3_5,"Which of the following best describes the difficulty or ease of adopting Adaptable Production to your company? Adaptable Production brings configuration management principles from design into manufacturing, enabling efficient handling of smaller lot sizes and high product variability. This approach streamlines planning, reduces setup and inventory costs, and ensures consistent quality and predictable pricing, even in dynamic production environments.",categorical,0,0 No Difficulty: Our pursuit of this initiative has encountered no difficulty.,
B3_5,"Which of the following best describes the difficulty or ease of adopting Adaptable Production to your company? Adaptable Production brings configuration management principles from design into manufacturing, enabling efficient handling of smaller lot sizes and high product variability. This approach streamlines planning, reduces setup and inventory costs, and ensures consistent quality and predictable pricing, even in dynamic production environments.",categorical,1,1,
B3_5,"Which of the following best describes the difficulty or ease of adopting Adaptable Production to your company? Adaptable Production brings configuration management principles from design into manufacturing, enabling efficient handling of smaller lot sizes and high product variability. This approach streamlines planning, reduces setup and inventory costs, and ensures consistent quality and predictable pricing, even in dynamic production environments.",categorical,2,2,
B3_5,"Which of the following best describes the difficulty or ease of adopting Adaptable Production to your company? Adaptable Production brings configuration management principles from design into manufacturing, enabling efficient handling of smaller lot sizes and high product variability. This approach streamlines planning, reduces setup and inventory costs, and ensures consistent quality and predictable pricing, even in dynamic production environments.",categorical,3,3,
B3_5,"Which of the following best describes the difficulty or ease of adopting Adaptable Production to your company? Adaptable Production brings configuration management principles from design into manufacturing, enabling efficient handling of smaller lot sizes and high product variability. This approach streamlines planning, reduces setup and inventory costs, and ensures consistent quality and predictable pricing, even in dynamic production environments.",categorical,4,4,
B3_5,"Which of the following best describes the difficulty or ease of adopting Adaptable Production to your company? Adaptable Production brings configuration management principles from design into manufacturing, enabling efficient handling of smaller lot sizes and high product variability. This approach streamlines planning, reduces setup and inventory costs, and ensures consistent quality and predictable pricing, even in dynamic production environments.",categorical,5,5 Moderate Difficulty: Our pursuit of this initiative has encountered moderate difficulty.,
B3_5,"Which of the following best describes the difficulty or ease of adopting Adaptable Production to your company? Adaptable Production brings configuration management principles from design into manufacturing, enabling efficient handling of smaller lot sizes and high product variability. This approach streamlines planning, reduces setup and inventory costs, and ensures consistent quality and predictable pricing, even in dynamic production environments.",categorical,6,6,
B3_5,"Which of the following best describes the difficulty or ease of adopting Adaptable Production to your company? Adaptable Production brings configuration management principles from design into manufacturing, enabling efficient handling of smaller lot sizes and high product variability. This approach streamlines planning, reduces setup and inventory costs, and ensures consistent quality and predictable pricing, even in dynamic production environments.",categorical,7,7,
B3_5,"Which of the following best describes the difficulty or ease of adopting Adaptable Production to your company? Adaptable Production brings configuration management principles from design into manufacturing, enabling efficient handling of smaller lot sizes and high product variability. This approach streamlines planning, reduces setup and inventory costs, and ensures consistent quality and predictable pricing, even in dynamic production environments.",categorical,8,8,
B3_5,"Which of the following best describes the difficulty or ease of adopting Adaptable Production to your company? Adaptable Production brings configuration management principles from design into manufacturing, enabling efficient handling of smaller lot sizes and high product variability. This approach streamlines planning, reduces setup and inventory costs, and ensures consistent quality and predictable pricing, even in dynamic production environments.",categorical,9,9,
B3_5,"Which of the following best describes the difficulty or ease of adopting Adaptable Production to your company? Adaptable Production brings configuration management principles from design into manufacturing, enabling efficient handling of smaller lot sizes and high product variability. This approach streamlines planning, reduces setup and inventory costs, and ensures consistent quality and predictable pricing, even in dynamic production environments.",categorical,10,10 Extreme Difficulty: Our pursuit of this initiative has encountered extreme difficulty.,
QB6,Please share some details about your company’s experience with this Adaptable Production.,text,,,
CP_FLAG_QB6,"Hidden: QB6 = Flag if Cut, Copy, Paste",boolean,1,TRUE,
CP_FLAG_QB6,"Hidden: QB6 = Flag if Cut, Copy, Paste",boolean,0,FALSE,
HID_API_QB6_F1,Dummy holds follow-up question back from smart probe api,text,,,
QB6_Score,Score from api,text,,,
QB6_F1,pipe:HID_API_QB6_F1,text,,,
CP_FLAG_QB6_F1,"Hidden: QB6_F1 = Flag if Cut, Copy, Paste",boolean,1,TRUE,
CP_FLAG_QB6_F1,"Hidden: QB6_F1 = Flag if Cut, Copy, Paste",boolean,0,FALSE,
QB6_F1_Score,Score from api,text,,,
B1_6,"Which of the following best describes your company’s efforts to pursue Flawless Commissioning? Flawless Commissioning brings configuration management principles from design into manufacturing, enabling efficient handling of smaller lot sizes and high product variability. This approach streamlines planning, reduces setup and inventory costs, and ensures consistent quality and predictable pricing, even in dynamic production environments.",categorical,1,Not Pursued or Planned: Our company hasn’t pursued any effort like this.,
B1_6,"Which of the following best describes your company’s efforts to pursue Flawless Commissioning? Flawless Commissioning brings configuration management principles from design into manufacturing, enabling efficient handling of smaller lot sizes and high product variability. This approach streamlines planning, reduces setup and inventory costs, and ensures consistent quality and predictable pricing, even in dynamic production environments.",categorical,2,Planning Pursuit: Our company is planning to pursue this effort.,
B1_6,"Which of the following best describes your company’s efforts to pursue Flawless Commissioning? Flawless Commissioning brings configuration management principles from design into manufacturing, enabling efficient handling of smaller lot sizes and high product variability. This approach streamlines planning, reduces setup and inventory costs, and ensures consistent quality and predictable pricing, even in dynamic production environments.",categorical,3,Partially Pursued and Completed: Our company’s pursuit of this effort is in progress.,
B1_6,"Which of the following best describes your company’s efforts to pursue Flawless Commissioning? Flawless Commissioning brings configuration management principles from design into manufacturing, enabling efficient handling of smaller lot sizes and high product variability. This approach streamlines planning, reduces setup and inventory costs, and ensures consistent quality and predictable pricing, even in dynamic production environments.",categorical,4,Pursued and Completed: Our company has pursued and completed this effort.,
B1_6,"Which of the following best describes your company’s efforts to pursue Flawless Commissioning? Flawless Commissioning brings configuration management principles from design into manufacturing, enabling efficient handling of smaller lot sizes and high product variability. This approach streamlines planning, reduces setup and inventory costs, and ensures consistent quality and predictable pricing, even in dynamic production environments.",categorical,5,I do not understand what Flawless Commissioning means or the definition is ambiguous.,
B2_6,"Which of the following best describes the value of Flawless Commissioning to your company? Flawless Commissioning brings configuration management principles from design into manufacturing, enabling efficient handling of smaller lot sizes and high product variability. This approach streamlines planning, reduces setup and inventory costs, and ensures consistent quality and predictable pricing, even in dynamic production environments.",categorical,0,0 No Value: This capability drives no value for our company.,
B2_6,"Which of the following best describes the value of Flawless Commissioning to your company? Flawless Commissioning brings configuration management principles from design into manufacturing, enabling efficient handling of smaller lot sizes and high product variability. This approach streamlines planning, reduces setup and inventory costs, and ensures consistent quality and predictable pricing, even in dynamic production environments.",categorical,1,1,
B2_6,"Which of the following best describes the value of Flawless Commissioning to your company? Flawless Commissioning brings configuration management principles from design into manufacturing, enabling efficient handling of smaller lot sizes and high product variability. This approach streamlines planning, reduces setup and inventory costs, and ensures consistent quality and predictable pricing, even in dynamic production environments.",categorical,2,2,
B2_6,"Which of the following best describes the value of Flawless Commissioning to your company? Flawless Commissioning brings configuration management principles from design into manufacturing, enabling efficient handling of smaller lot sizes and high product variability. This approach streamlines planning, reduces setup and inventory costs, and ensures consistent quality and predictable pricing, even in dynamic production environments.",categorical,3,3,
B2_6,"Which of the following best describes the value of Flawless Commissioning to your company? Flawless Commissioning brings configuration management principles from design into manufacturing, enabling efficient handling of smaller lot sizes and high product variability. This approach streamlines planning, reduces setup and inventory costs, and ensures consistent quality and predictable pricing, even in dynamic production environments.",categorical,4,4,
B2_6,"Which of the following best describes the value of Flawless Commissioning to your company? Flawless Commissioning brings configuration management principles from design into manufacturing, enabling efficient handling of smaller lot sizes and high product variability. This approach streamlines planning, reduces setup and inventory costs, and ensures consistent quality and predictable pricing, even in dynamic production environments.",categorical,5,5 Moderate Value: This capability drives moderate value for our company.,
B2_6,"Which of the following best describes the value of Flawless Commissioning to your company? Flawless Commissioning brings configuration management principles from design into manufacturing, enabling efficient handling of smaller lot sizes and high product variability. This approach streamlines planning, reduces setup and inventory costs, and ensures consistent quality and predictable pricing, even in dynamic production environments.",categorical,6,6,
B2_6,"Which of the following best describes the value of Flawless Commissioning to your company? Flawless Commissioning brings configuration management principles from design into manufacturing, enabling efficient handling of smaller lot sizes and high product variability. This approach streamlines planning, reduces setup and inventory costs, and ensures consistent quality and predictable pricing, even in dynamic production environments.",categorical,7,7,
B2_6,"Which of the following best describes the value of Flawless Commissioning to your company? Flawless Commissioning brings configuration management principles from design into manufacturing, enabling efficient handling of smaller lot sizes and high product variability. This approach streamlines planning, reduces setup and inventory costs, and ensures consistent quality and predictable pricing, even in dynamic production environments.",categorical,8,8,
B2_6,"Which of the following best describes the value of Flawless Commissioning to your company? Flawless Commissioning brings configuration management principles from design into manufacturing, enabling efficient handling of smaller lot sizes and high product variability. This approach streamlines planning, reduces setup and inventory costs, and ensures consistent quality and predictable pricing, even in dynamic production environments.",categorical,9,9,
B2_6,"Which of the following best describes the value of Flawless Commissioning to your company? Flawless Commissioning brings configuration management principles from design into manufacturing, enabling efficient handling of smaller lot sizes and high product variability. This approach streamlines planning, reduces setup and inventory costs, and ensures consistent quality and predictable pricing, even in dynamic production environments.",categorical,10,10 Preeminent Value: This capability drives top value for our company.,
B3_6,"Which of the following best describes the difficulty or ease of adopting Flawless Commissioning to your company? Flawless Commissioning brings configuration management principles from design into manufacturing, enabling efficient handling of smaller lot sizes and high product variability. This approach streamlines planning, reduces setup and inventory costs, and ensures consistent quality and predictable pricing, even in dynamic production environments.",categorical,0,0 No Difficulty: Our pursuit of this initiative has encountered no difficulty.,
B3_6,"Which of the following best describes the difficulty or ease of adopting Flawless Commissioning to your company? Flawless Commissioning brings configuration management principles from design into manufacturing, enabling efficient handling of smaller lot sizes and high product variability. This approach streamlines planning, reduces setup and inventory costs, and ensures consistent quality and predictable pricing, even in dynamic production environments.",categorical,1,1,
B3_6,"Which of the following best describes the difficulty or ease of adopting Flawless Commissioning to your company? Flawless Commissioning brings configuration management principles from design into manufacturing, enabling efficient handling of smaller lot sizes and high product variability. This approach streamlines planning, reduces setup and inventory costs, and ensures consistent quality and predictable pricing, even in dynamic production environments.",categorical,2,2,
B3_6,"Which of the following best describes the difficulty or ease of adopting Flawless Commissioning to your company? Flawless Commissioning brings configuration management principles from design into manufacturing, enabling efficient handling of smaller lot sizes and high product variability. This approach streamlines planning, reduces setup and inventory costs, and ensures consistent quality and predictable pricing, even in dynamic production environments.",categorical,3,3,
B3_6,"Which of the following best describes the difficulty or ease of adopting Flawless Commissioning to your company? Flawless Commissioning brings configuration management principles from design into manufacturing, enabling efficient handling of smaller lot sizes and high product variability. This approach streamlines planning, reduces setup and inventory costs, and ensures consistent quality and predictable pricing, even in dynamic production environments.",categorical,4,4,
B3_6,"Which of the following best describes the difficulty or ease of adopting Flawless Commissioning to your company? Flawless Commissioning brings configuration management principles from design into manufacturing, enabling efficient handling of smaller lot sizes and high product variability. This approach streamlines planning, reduces setup and inventory costs, and ensures consistent quality and predictable pricing, even in dynamic production environments.",categorical,5,5 Moderate Difficulty: Our pursuit of this initiative has encountered moderate difficulty.,
B3_6,"Which of the following best describes the difficulty or ease of adopting Flawless Commissioning to your company? Flawless Commissioning brings configuration management principles from design into manufacturing, enabling efficient handling of smaller lot sizes and high product variability. This approach streamlines planning, reduces setup and inventory costs, and ensures consistent quality and predictable pricing, even in dynamic production environments.",categorical,6,6,
B3_6,"Which of the following best describes the difficulty or ease of adopting Flawless Commissioning to your company? Flawless Commissioning brings configuration management principles from design into manufacturing, enabling efficient handling of smaller lot sizes and high product variability. This approach streamlines planning, reduces setup and inventory costs, and ensures consistent quality and predictable pricing, even in dynamic production environments.",categorical,7,7,
B3_6,"Which of the following best describes the difficulty or ease of adopting Flawless Commissioning to your company? Flawless Commissioning brings configuration management principles from design into manufacturing, enabling efficient handling of smaller lot sizes and high product variability. This approach streamlines planning, reduces setup and inventory costs, and ensures consistent quality and predictable pricing, even in dynamic production environments.",categorical,8,8,
B3_6,"Which of the following best describes the difficulty or ease of adopting Flawless Commissioning to your company? Flawless Commissioning brings configuration management principles from design into manufacturing, enabling efficient handling of smaller lot sizes and high product variability. This approach streamlines planning, reduces setup and inventory costs, and ensures consistent quality and predictable pricing, even in dynamic production environments.",categorical,9,9,
B3_6,"Which of the following best describes the difficulty or ease of adopting Flawless Commissioning to your company? Flawless Commissioning brings configuration management principles from design into manufacturing, enabling efficient handling of smaller lot sizes and high product variability. This approach streamlines planning, reduces setup and inventory costs, and ensures consistent quality and predictable pricing, even in dynamic production environments.",categorical,10,10 Extreme Difficulty: Our pursuit of this initiative has encountered extreme difficulty.,
QB7,Please share some details about your company’s experience with this Flawless Commissioning.,text,,,
CP_FLAG_QB7,"Hidden: QB7 = Flag if Cut, Copy, Paste",boolean,1,TRUE,
CP_FLAG_QB7,"Hidden: QB7 = Flag if Cut, Copy, Paste",boolean,0,FALSE,
HID_API_QB7_F1,Dummy holds follow-up question back from smart probe api,text,,,
QB7_Score,Score from api,text,,,
QB7_F1,pipe:HID_API_QB7_F1,text,,,
CP_FLAG_QB7_F1,"Hidden: QB7_F1 = Flag if Cut, Copy, Paste",boolean,1,TRUE,
CP_FLAG_QB7_F1,"Hidden: QB7_F1 = Flag if Cut, Copy, Paste",boolean,0,FALSE,
QB7_F1_Score,Score from api,text,,,
B1_7,"Which of the following best describes your company’s efforts to pursue AI-Powered Production? AI-Powered Production brings configuration management principles from design into manufacturing, enabling efficient handling of smaller lot sizes and high product variability. This approach streamlines planning, reduces setup and inventory costs, and ensures consistent quality and predictable pricing, even in dynamic production environments.",categorical,1,Not Pursued or Planned: Our company hasn’t pursued any effort like this.,
B1_7,"Which of the following best describes your company’s efforts to pursue AI-Powered Production? AI-Powered Production brings configuration management principles from design into manufacturing, enabling efficient handling of smaller lot sizes and high product variability. This approach streamlines planning, reduces setup and inventory costs, and ensures consistent quality and predictable pricing, even in dynamic production environments.",categorical,2,Planning Pursuit: Our company is planning to pursue this effort.,
B1_7,"Which of the following best describes your company’s efforts to pursue AI-Powered Production? AI-Powered Production brings configuration management principles from design into manufacturing, enabling efficient handling of smaller lot sizes and high product variability. This approach streamlines planning, reduces setup and inventory costs, and ensures consistent quality and predictable pricing, even in dynamic production environments.",categorical,3,Partially Pursued and Completed: Our company’s pursuit of this effort is in progress.,
B1_7,"Which of the following best describes your company’s efforts to pursue AI-Powered Production? AI-Powered Production brings configuration management principles from design into manufacturing, enabling efficient handling of smaller lot sizes and high product variability. This approach streamlines planning, reduces setup and inventory costs, and ensures consistent quality and predictable pricing, even in dynamic production environments.",categorical,4,Pursued and Completed: Our company has pursued and completed this effort.,
B1_7,"Which of the following best describes your company’s efforts to pursue AI-Powered Production? AI-Powered Production brings configuration management principles from design into manufacturing, enabling efficient handling of smaller lot sizes and high product variability. This approach streamlines planning, reduces setup and inventory costs, and ensures consistent quality and predictable pricing, even in dynamic production environments.",categorical,5,I do not understand what AI-Powered Production means or the definition is ambiguous.,
B2_7,"Which of the following best describes the value of AI-Powered Production to your company? AI-Powered Production brings configuration management principles from design into manufacturing, enabling efficient handling of smaller lot sizes and high product variability. This approach streamlines planning, reduces setup and inventory costs, and ensures consistent quality and predictable pricing, even in dynamic production environments.",categorical,0,0 No Value: This capability drives no value for our company.,
B2_7,"Which of the following best describes the value of AI-Powered Production to your company? AI-Powered Production brings configuration management principles from design into manufacturing, enabling efficient handling of smaller lot sizes and high product variability. This approach streamlines planning, reduces setup and inventory costs, and ensures consistent quality and predictable pricing, even in dynamic production environments.",categorical,1,1,
B2_7,"Which of the following best describes the value of AI-Powered Production to your company? AI-Powered Production brings configuration management principles from design into manufacturing, enabling efficient handling of smaller lot sizes and high product variability. This approach streamlines planning, reduces setup and inventory costs, and ensures consistent quality and predictable pricing, even in dynamic production environments.",categorical,2,2,
B2_7,"Which of the following best describes the value of AI-Powered Production to your company? AI-Powered Production brings configuration management principles from design into manufacturing, enabling efficient handling of smaller lot sizes and high product variability. This approach streamlines planning, reduces setup and inventory costs, and ensures consistent quality and predictable pricing, even in dynamic production environments.",categorical,3,3,
B2_7,"Which of the following best describes the value of AI-Powered Production to your company? AI-Powered Production brings configuration management principles from design into manufacturing, enabling efficient handling of smaller lot sizes and high product variability. This approach streamlines planning, reduces setup and inventory costs, and ensures consistent quality and predictable pricing, even in dynamic production environments.",categorical,4,4,
B2_7,"Which of the following best describes the value of AI-Powered Production to your company? AI-Powered Production brings configuration management principles from design into manufacturing, enabling efficient handling of smaller lot sizes and high product variability. This approach streamlines planning, reduces setup and inventory costs, and ensures consistent quality and predictable pricing, even in dynamic production environments.",categorical,5,5 Moderate Value: This capability drives moderate value for our company.,
B2_7,"Which of the following best describes the value of AI-Powered Production to your company? AI-Powered Production brings configuration management principles from design into manufacturing, enabling efficient handling of smaller lot sizes and high product variability. This approach streamlines planning, reduces setup and inventory costs, and ensures consistent quality and predictable pricing, even in dynamic production environments.",categorical,6,6,
B2_7,"Which of the following best describes the value of AI-Powered Production to your company? AI-Powered Production brings configuration management principles from design into manufacturing, enabling efficient handling of smaller lot sizes and high product variability. This approach streamlines planning, reduces setup and inventory costs, and ensures consistent quality and predictable pricing, even in dynamic production environments.",categorical,7,7,
B2_7,"Which of the following best describes the value of AI-Powered Production to your company? AI-Powered Production brings configuration management principles from design into manufacturing, enabling efficient handling of smaller lot sizes and high product variability. This approach streamlines planning, reduces setup and inventory costs, and ensures consistent quality and predictable pricing, even in dynamic production environments.",categorical,8,8,
B2_7,"Which of the following best describes the value of AI-Powered Production to your company? AI-Powered Production brings configuration management principles from design into manufacturing, enabling efficient handling of smaller lot sizes and high product variability. This approach streamlines planning, reduces setup and inventory costs, and ensures consistent quality and predictable pricing, even in dynamic production environments.",categorical,9,9,
B2_7,"Which of the following best describes the value of AI-Powered Production to your company? AI-Powered Production brings configuration management principles from design into manufacturing, enabling efficient handling of smaller lot sizes and high product variability. This approach streamlines planning, reduces setup and inventory costs, and ensures consistent quality and predictable pricing, even in dynamic production environments.",categorical,10,10 Preeminent Value: This capability drives top value for our company.,
B3_7,"Which of the following best describes the difficulty or ease of adopting AI-Powered Production to your company? AI-Powered Production brings configuration management principles from design into manufacturing, enabling efficient handling of smaller lot sizes and high product variability. This approach streamlines planning, reduces setup and inventory costs, and ensures consistent quality and predictable pricing, even in dynamic production environments.",categorical,0,0 No Difficulty: Our pursuit of this initiative has encountered no difficulty.,
B3_7,"Which of the following best describes the difficulty or ease of adopting AI-Powered Production to your company? AI-Powered Production brings configuration management principles from design into manufacturing, enabling efficient handling of smaller lot sizes and high product variability. This approach streamlines planning, reduces setup and inventory costs, and ensures consistent quality and predictable pricing, even in dynamic production environments.",categorical,1,1,
B3_7,"Which of the following best describes the difficulty or ease of adopting AI-Powered Production to your company? AI-Powered Production brings configuration management principles from design into manufacturing, enabling efficient handling of smaller lot sizes and high product variability. This approach streamlines planning, reduces setup and inventory costs, and ensures consistent quality and predictable pricing, even in dynamic production environments.",categorical,2,2,
B3_7,"Which of the following best describes the difficulty or ease of adopting AI-Powered Production to your company? AI-Powered Production brings configuration management principles from design into manufacturing, enabling efficient handling of smaller lot sizes and high product variability. This approach streamlines planning, reduces setup and inventory costs, and ensures consistent quality and predictable pricing, even in dynamic production environments.",categorical,3,3,
B3_7,"Which of the following best describes the difficulty or ease of adopting AI-Powered Production to your company? AI-Powered Production brings configuration management principles from design into manufacturing, enabling efficient handling of smaller lot sizes and high product variability. This approach streamlines planning, reduces setup and inventory costs, and ensures consistent quality and predictable pricing, even in dynamic production environments.",categorical,4,4,
B3_7,"Which of the following best describes the difficulty or ease of adopting AI-Powered Production to your company? AI-Powered Production brings configuration management principles from design into manufacturing, enabling efficient handling of smaller lot sizes and high product variability. This approach streamlines planning, reduces setup and inventory costs, and ensures consistent quality and predictable pricing, even in dynamic production environments.",categorical,5,5 Moderate Difficulty: Our pursuit of this initiative has encountered moderate difficulty.,
B3_7,"Which of the following best describes the difficulty or ease of adopting AI-Powered Production to your company? AI-Powered Production brings configuration management principles from design into manufacturing, enabling efficient handling of smaller lot sizes and high product variability. This approach streamlines planning, reduces setup and inventory costs, and ensures consistent quality and predictable pricing, even in dynamic production environments.",categorical,6,6,
B3_7,"Which of the following best describes the difficulty or ease of adopting AI-Powered Production to your company? AI-Powered Production brings configuration management principles from design into manufacturing, enabling efficient handling of smaller lot sizes and high product variability. This approach streamlines planning, reduces setup and inventory costs, and ensures consistent quality and predictable pricing, even in dynamic production environments.",categorical,7,7,
B3_7,"Which of the following best describes the difficulty or ease of adopting AI-Powered Production to your company? AI-Powered Production brings configuration management principles from design into manufacturing, enabling efficient handling of smaller lot sizes and high product variability. This approach streamlines planning, reduces setup and inventory costs, and ensures consistent quality and predictable pricing, even in dynamic production environments.",categorical,8,8,
B3_7,"Which of the following best describes the difficulty or ease of adopting AI-Powered Production to your company? AI-Powered Production brings configuration management principles from design into manufacturing, enabling efficient handling of smaller lot sizes and high product variability. This approach streamlines planning, reduces setup and inventory costs, and ensures consistent quality and predictable pricing, even in dynamic production environments.",categorical,9,9,
B3_7,"Which of the following best describes the difficulty or ease of adopting AI-Powered Production to your company? AI-Powered Production brings configuration management principles from design into manufacturing, enabling efficient handling of smaller lot sizes and high product variability. This approach streamlines planning, reduces setup and inventory costs, and ensures consistent quality and predictable pricing, even in dynamic production environments.",categorical,10,10 Extreme Difficulty: Our pursuit of this initiative has encountered extreme difficulty.,
QB8,Please share some details about your company’s experience with this AI-Powered Production.,text,,,
CP_FLAG_QB8,"Hidden: QB8 = Flag if Cut, Copy, Paste",boolean,1,TRUE,
CP_FLAG_QB8,"Hidden: QB8 = Flag if Cut, Copy, Paste",boolean,0,FALSE,
HID_API_QB8_F1,Dummy holds follow-up question back from smart probe api,text,,,
QB8_Score,Score from api,text,,,
QB8_F1,pipe:HID_API_QB8_F1,text,,,
CP_FLAG_QB8_F1,"Hidden: QB8_F1 = Flag if Cut, Copy, Paste",boolean,1,TRUE,
CP_FLAG_QB8_F1,"Hidden: QB8_F1 = Flag if Cut, Copy, Paste",boolean,0,FALSE,
QB8_F1_Score,Score from api,text,,,
B1_8,"Which of the following best describes your company’s efforts to pursue Quality Culture? Quality Culture brings configuration management principles from design into manufacturing, enabling efficient handling of smaller lot sizes and high product variability. This approach streamlines planning, reduces setup and inventory costs, and ensures consistent quality and predictable pricing, even in dynamic production environments.",categorical,1,Not Pursued or Planned: Our company hasn’t pursued any effort like this.,
B1_8,"Which of the following best describes your company’s efforts to pursue Quality Culture? Quality Culture brings configuration management principles from design into manufacturing, enabling efficient handling of smaller lot sizes and high product variability. This approach streamlines planning, reduces setup and inventory costs, and ensures consistent quality and predictable pricing, even in dynamic production environments.",categorical,2,Planning Pursuit: Our company is planning to pursue this effort.,
B1_8,"Which of the following best describes your company’s efforts to pursue Quality Culture? Quality Culture brings configuration management principles from design into manufacturing, enabling efficient handling of smaller lot sizes and high product variability. This approach streamlines planning, reduces setup and inventory costs, and ensures consistent quality and predictable pricing, even in dynamic production environments.",categorical,3,Partially Pursued and Completed: Our company’s pursuit of this effort is in progress.,
B1_8,"Which of the following best describes your company’s efforts to pursue Quality Culture? Quality Culture brings configuration management principles from design into manufacturing, enabling efficient handling of smaller lot sizes and high product variability. This approach streamlines planning, reduces setup and inventory costs, and ensures consistent quality and predictable pricing, even in dynamic production environments.",categorical,4,Pursued and Completed: Our company has pursued and completed this effort.,
B1_8,"Which of the following best describes your company’s efforts to pursue Quality Culture? Quality Culture brings configuration management principles from design into manufacturing, enabling efficient handling of smaller lot sizes and high product variability. This approach streamlines planning, reduces setup and inventory costs, and ensures consistent quality and predictable pricing, even in dynamic production environments.",categorical,5,I do not understand what Quality Culture means or the definition is ambiguous.,
B2_8,"Which of the following best describes the value of Quality Culture to your company? Quality Culture brings configuration management principles from design into manufacturing, enabling efficient handling of smaller lot sizes and high product variability. This approach streamlines planning, reduces setup and inventory costs, and ensures consistent quality and predictable pricing, even in dynamic production environments.",categorical,0,0 No Value: This capability drives no value for our company.,
B2_8,"Which of the following best describes the value of Quality Culture to your company? Quality Culture brings configuration management principles from design into manufacturing, enabling efficient handling of smaller lot sizes and high product variability. This approach streamlines planning, reduces setup and inventory costs, and ensures consistent quality and predictable pricing, even in dynamic production environments.",categorical,1,1,
B2_8,"Which of the following best describes the value of Quality Culture to your company? Quality Culture brings configuration management principles from design into manufacturing, enabling efficient handling of smaller lot sizes and high product variability. This approach streamlines planning, reduces setup and inventory costs, and ensures consistent quality and predictable pricing, even in dynamic production environments.",categorical,2,2,
B2_8,"Which of the following best describes the value of Quality Culture to your company? Quality Culture brings configuration management principles from design into manufacturing, enabling efficient handling of smaller lot sizes and high product variability. This approach streamlines planning, reduces setup and inventory costs, and ensures consistent quality and predictable pricing, even in dynamic production environments.",categorical,3,3,
B2_8,"Which of the following best describes the value of Quality Culture to your company? Quality Culture brings configuration management principles from design into manufacturing, enabling efficient handling of smaller lot sizes and high product variability. This approach streamlines planning, reduces setup and inventory costs, and ensures consistent quality and predictable pricing, even in dynamic production environments.",categorical,4,4,
B2_8,"Which of the following best describes the value of Quality Culture to your company? Quality Culture brings configuration management principles from design into manufacturing, enabling efficient handling of smaller lot sizes and high product variability. This approach streamlines planning, reduces setup and inventory costs, and ensures consistent quality and predictable pricing, even in dynamic production environments.",categorical,5,5 Moderate Value: This capability drives moderate value for our company.,
B2_8,"Which of the following best describes the value of Quality Culture to your company? Quality Culture brings configuration management principles from design into manufacturing, enabling efficient handling of smaller lot sizes and high product variability. This approach streamlines planning, reduces setup and inventory costs, and ensures consistent quality and predictable pricing, even in dynamic production environments.",categorical,6,6,
B2_8,"Which of the following best describes the value of Quality Culture to your company? Quality Culture brings configuration management principles from design into manufacturing, enabling efficient handling of smaller lot sizes and high product variability. This approach streamlines planning, reduces setup and inventory costs, and ensures consistent quality and predictable pricing, even in dynamic production environments.",categorical,7,7,
B2_8,"Which of the following best describes the value of Quality Culture to your company? Quality Culture brings configuration management principles from design into manufacturing, enabling efficient handling of smaller lot sizes and high product variability. This approach streamlines planning, reduces setup and inventory costs, and ensures consistent quality and predictable pricing, even in dynamic production environments.",categorical,8,8,
B2_8,"Which of the following best describes the value of Quality Culture to your company? Quality Culture brings configuration management principles from design into manufacturing, enabling efficient handling of smaller lot sizes and high product variability. This approach streamlines planning, reduces setup and inventory costs, and ensures consistent quality and predictable pricing, even in dynamic production environments.",categorical,9,9,
B2_8,"Which of the following best describes the value of Quality Culture to your company? Quality Culture brings configuration management principles from design into manufacturing, enabling efficient handling of smaller lot sizes and high product variability. This approach streamlines planning, reduces setup and inventory costs, and ensures consistent quality and predictable pricing, even in dynamic production environments.",categorical,10,10 Preeminent Value: This capability drives top value for our company.,
B3_8,"Which of the following best describes the difficulty or ease of adopting Quality Culture to your company? Quality Culture brings configuration management principles from design into manufacturing, enabling efficient handling of smaller lot sizes and high product variability. This approach streamlines planning, reduces setup and inventory costs, and ensures consistent quality and predictable pricing, even in dynamic production environments.",categorical,0,0 No Difficulty: Our pursuit of this initiative has encountered no difficulty.,
B3_8,"Which of the following best describes the difficulty or ease of adopting Quality Culture to your company? Quality Culture brings configuration management principles from design into manufacturing, enabling efficient handling of smaller lot sizes and high product variability. This approach streamlines planning, reduces setup and inventory costs, and ensures consistent quality and predictable pricing, even in dynamic production environments.",categorical,1,1,
B3_8,"Which of the following best describes the difficulty or ease of adopting Quality Culture to your company? Quality Culture brings configuration management principles from design into manufacturing, enabling efficient handling of smaller lot sizes and high product variability. This approach streamlines planning, reduces setup and inventory costs, and ensures consistent quality and predictable pricing, even in dynamic production environments.",categorical,2,2,
B3_8,"Which of the following best describes the difficulty or ease of adopting Quality Culture to your company? Quality Culture brings configuration management principles from design into manufacturing, enabling efficient handling of smaller lot sizes and high product variability. This approach streamlines planning, reduces setup and inventory costs, and ensures consistent quality and predictable pricing, even in dynamic production environments.",categorical,3,3,
B3_8,"Which of the following best describes the difficulty or ease of adopting Quality Culture to your company? Quality Culture brings configuration management principles from design into manufacturing, enabling efficient handling of smaller lot sizes and high product variability. This approach streamlines planning, reduces setup and inventory costs, and ensures consistent quality and predictable pricing, even in dynamic production environments.",categorical,4,4,
B3_8,"Which of the following best describes the difficulty or ease of adopting Quality Culture to your company? Quality Culture brings configuration management principles from design into manufacturing, enabling efficient handling of smaller lot sizes and high product variability. This approach streamlines planning, reduces setup and inventory costs, and ensures consistent quality and predictable pricing, even in dynamic production environments.",categorical,5,5 Moderate Difficulty: Our pursuit of this initiative has encountered moderate difficulty.,
B3_8,"Which of the following best describes the difficulty or ease of adopting Quality Culture to your company? Quality Culture brings configuration management principles from design into manufacturing, enabling efficient handling of smaller lot sizes and high product variability. This approach streamlines planning, reduces setup and inventory costs, and ensures consistent quality and predictable pricing, even in dynamic production environments.",categorical,6,6,
B3_8,"Which of the following best describes the difficulty or ease of adopting Quality Culture to your company? Quality Culture brings configuration management principles from design into manufacturing, enabling efficient handling of smaller lot sizes and high product variability. This approach streamlines planning, reduces setup and inventory costs, and ensures consistent quality and predictable pricing, even in dynamic production environments.",categorical,7,7,
B3_8,"Which of the following best describes the difficulty or ease of adopting Quality Culture to your company? Quality Culture brings configuration management principles from design into manufacturing, enabling efficient handling of smaller lot sizes and high product variability. This approach streamlines planning, reduces setup and inventory costs, and ensures consistent quality and predictable pricing, even in dynamic production environments.",categorical,8,8,
B3_8,"Which of the following best describes the difficulty or ease of adopting Quality Culture to your company? Quality Culture brings configuration management principles from design into manufacturing, enabling efficient handling of smaller lot sizes and high product variability. This approach streamlines planning, reduces setup and inventory costs, and ensures consistent quality and predictable pricing, even in dynamic production environments.",categorical,9,9,
B3_8,"Which of the following best describes the difficulty or ease of adopting Quality Culture to your company? Quality Culture brings configuration management principles from design into manufacturing, enabling efficient handling of smaller lot sizes and high product variability. This approach streamlines planning, reduces setup and inventory costs, and ensures consistent quality and predictable pricing, even in dynamic production environments.",categorical,10,10 Extreme Difficulty: Our pursuit of this initiative has encountered extreme difficulty.,
QB9,Please share some details about your company’s experience with this Quality Culture.,text,,,
CP_FLAG_QB9,"Hidden: QB9 = Flag if Cut, Copy, Paste",boolean,1,TRUE,
CP_FLAG_QB9,"Hidden: QB9 = Flag if Cut, Copy, Paste",boolean,0,FALSE,
HID_API_QB9_F1,Dummy holds follow-up question back from smart probe api,text,,,
QB9_Score,Score from api,text,,,
QB9_F1,pipe:HID_API_QB9_F1,text,,,
CP_FLAG_QB9_F1,"Hidden: QB9_F1 = Flag if Cut, Copy, Paste",boolean,1,TRUE,
CP_FLAG_QB9_F1,"Hidden: QB9_F1 = Flag if Cut, Copy, Paste",boolean,0,FALSE,
QB9_F1_Score,Score from api,text,,,
B1_9,"Which of the following best describes your company’s efforts to pursue Strategic Asset Utilization? Strategic Asset Utilization brings configuration management principles from design into manufacturing, enabling efficient handling of smaller lot sizes and high product variability. This approach streamlines planning, reduces setup and inventory costs, and ensures consistent quality and predictable pricing, even in dynamic production environments.",categorical,1,Not Pursued or Planned: Our company hasn’t pursued any effort like this.,
B1_9,"Which of the following best describes your company’s efforts to pursue Strategic Asset Utilization? Strategic Asset Utilization brings configuration management principles from design into manufacturing, enabling efficient handling of smaller lot sizes and high product variability. This approach streamlines planning, reduces setup and inventory costs, and ensures consistent quality and predictable pricing, even in dynamic production environments.",categorical,2,Planning Pursuit: Our company is planning to pursue this effort.,
B1_9,"Which of the following best describes your company’s efforts to pursue Strategic Asset Utilization? Strategic Asset Utilization brings configuration management principles from design into manufacturing, enabling efficient handling of smaller lot sizes and high product variability. This approach streamlines planning, reduces setup and inventory costs, and ensures consistent quality and predictable pricing, even in dynamic production environments.",categorical,3,Partially Pursued and Completed: Our company’s pursuit of this effort is in progress.,
B1_9,"Which of the following best describes your company’s efforts to pursue Strategic Asset Utilization? Strategic Asset Utilization brings configuration management principles from design into manufacturing, enabling efficient handling of smaller lot sizes and high product variability. This approach streamlines planning, reduces setup and inventory costs, and ensures consistent quality and predictable pricing, even in dynamic production environments.",categorical,4,Pursued and Completed: Our company has pursued and completed this effort.,
B1_9,"Which of the following best describes your company’s efforts to pursue Strategic Asset Utilization? Strategic Asset Utilization brings configuration management principles from design into manufacturing, enabling efficient handling of smaller lot sizes and high product variability. This approach streamlines planning, reduces setup and inventory costs, and ensures consistent quality and predictable pricing, even in dynamic production environments.",categorical,5,I do not understand what Strategic Asset Utilization means or the definition is ambiguous.,
B2_9,"Which of the following best describes the value of Strategic Asset Utilization to your company? Strategic Asset Utilization brings configuration management principles from design into manufacturing, enabling efficient handling of smaller lot sizes and high product variability. This approach streamlines planning, reduces setup and inventory costs, and ensures consistent quality and predictable pricing, even in dynamic production environments.",categorical,0,0 No Value: This capability drives no value for our company.,
B2_9,"Which of the following best describes the value of Strategic Asset Utilization to your company? Strategic Asset Utilization brings configuration management principles from design into manufacturing, enabling efficient handling of smaller lot sizes and high product variability. This approach streamlines planning, reduces setup and inventory costs, and ensures consistent quality and predictable pricing, even in dynamic production environments.",categorical,1,1,
B2_9,"Which of the following best describes the value of Strategic Asset Utilization to your company? Strategic Asset Utilization brings configuration management principles from design into manufacturing, enabling efficient handling of smaller lot sizes and high product variability. This approach streamlines planning, reduces setup and inventory costs, and ensures consistent quality and predictable pricing, even in dynamic production environments.",categorical,2,2,
B2_9,"Which of the following best describes the value of Strategic Asset Utilization to your company? Strategic Asset Utilization brings configuration management principles from design into manufacturing, enabling efficient handling of smaller lot sizes and high product variability. This approach streamlines planning, reduces setup and inventory costs, and ensures consistent quality and predictable pricing, even in dynamic production environments.",categorical,3,3,
B2_9,"Which of the following best describes the value of Strategic Asset Utilization to your company? Strategic Asset Utilization brings configuration management principles from design into manufacturing, enabling efficient handling of smaller lot sizes and high product variability. This approach streamlines planning, reduces setup and inventory costs, and ensures consistent quality and predictable pricing, even in dynamic production environments.",categorical,4,4,
B2_9,"Which of the following best describes the value of Strategic Asset Utilization to your company? Strategic Asset Utilization brings configuration management principles from design into manufacturing, enabling efficient handling of smaller lot sizes and high product variability. This approach streamlines planning, reduces setup and inventory costs, and ensures consistent quality and predictable pricing, even in dynamic production environments.",categorical,5,5 Moderate Value: This capability drives moderate value for our company.,
B2_9,"Which of the following best describes the value of Strategic Asset Utilization to your company? Strategic Asset Utilization brings configuration management principles from design into manufacturing, enabling efficient handling of smaller lot sizes and high product variability. This approach streamlines planning, reduces setup and inventory costs, and ensures consistent quality and predictable pricing, even in dynamic production environments.",categorical,6,6,
B2_9,"Which of the following best describes the value of Strategic Asset Utilization to your company? Strategic Asset Utilization brings configuration management principles from design into manufacturing, enabling efficient handling of smaller lot sizes and high product variability. This approach streamlines planning, reduces setup and inventory costs, and ensures consistent quality and predictable pricing, even in dynamic production environments.",categorical,7,7,
B2_9,"Which of the following best describes the value of Strategic Asset Utilization to your company? Strategic Asset Utilization brings configuration management principles from design into manufacturing, enabling efficient handling of smaller lot sizes and high product variability. This approach streamlines planning, reduces setup and inventory costs, and ensures consistent quality and predictable pricing, even in dynamic production environments.",categorical,8,8,
B2_9,"Which of the following best describes the value of Strategic Asset Utilization to your company? Strategic Asset Utilization brings configuration management principles from design into manufacturing, enabling efficient handling of smaller lot sizes and high product variability. This approach streamlines planning, reduces setup and inventory costs, and ensures consistent quality and predictable pricing, even in dynamic production environments.",categorical,9,9,
B2_9,"Which of the following best describes the value of Strategic Asset Utilization to your company? Strategic Asset Utilization brings configuration management principles from design into manufacturing, enabling efficient handling of smaller lot sizes and high product variability. This approach streamlines planning, reduces setup and inventory costs, and ensures consistent quality and predictable pricing, even in dynamic production environments.",categorical,10,10 Preeminent Value: This capability drives top value for our company.,
B3_9,"Which of the following best describes the difficulty or ease of adopting Strategic Asset Utilization to your company? Strategic Asset Utilization brings configuration management principles from design into manufacturing, enabling efficient handling of smaller lot sizes and high product variability. This approach streamlines planning, reduces setup and inventory costs, and ensures consistent quality and predictable pricing, even in dynamic production environments.",categorical,0,0 No Difficulty: Our pursuit of this initiative has encountered no difficulty.,
B3_9,"Which of the following best describes the difficulty or ease of adopting Strategic Asset Utilization to your company? Strategic Asset Utilization brings configuration management principles from design into manufacturing, enabling efficient handling of smaller lot sizes and high product variability. This approach streamlines planning, reduces setup and inventory costs, and ensures consistent quality and predictable pricing, even in dynamic production environments.",categorical,1,1,
B3_9,"Which of the following best describes the difficulty or ease of adopting Strategic Asset Utilization to your company? Strategic Asset Utilization brings configuration management principles from design into manufacturing, enabling efficient handling of smaller lot sizes and high product variability. This approach streamlines planning, reduces setup and inventory costs, and ensures consistent quality and predictable pricing, even in dynamic production environments.",categorical,2,2,
B3_9,"Which of the following best describes the difficulty or ease of adopting Strategic Asset Utilization to your company? Strategic Asset Utilization brings configuration management principles from design into manufacturing, enabling efficient handling of smaller lot sizes and high product variability. This approach streamlines planning, reduces setup and inventory costs, and ensures consistent quality and predictable pricing, even in dynamic production environments.",categorical,3,3,
B3_9,"Which of the following best describes the difficulty or ease of adopting Strategic Asset Utilization to your company? Strategic Asset Utilization brings configuration management principles from design into manufacturing, enabling efficient handling of smaller lot sizes and high product variability. This approach streamlines planning, reduces setup and inventory costs, and ensures consistent quality and predictable pricing, even in dynamic production environments.",categorical,4,4,
B3_9,"Which of the following best describes the difficulty or ease of adopting Strategic Asset Utilization to your company? Strategic Asset Utilization brings configuration management principles from design into manufacturing, enabling efficient handling of smaller lot sizes and high product variability. This approach streamlines planning, reduces setup and inventory costs, and ensures consistent quality and predictable pricing, even in dynamic production environments.",categorical,5,5 Moderate Difficulty: Our pursuit of this initiative has encountered moderate difficulty.,
B3_9,"Which of the following best describes the difficulty or ease of adopting Strategic Asset Utilization to your company? Strategic Asset Utilization brings configuration management principles from design into manufacturing, enabling efficient handling of smaller lot sizes and high product variability. This approach streamlines planning, reduces setup and inventory costs, and ensures consistent quality and predictable pricing, even in dynamic production environments.",categorical,6,6,
B3_9,"Which of the following best describes the difficulty or ease of adopting Strategic Asset Utilization to your company? Strategic Asset Utilization brings configuration management principles from design into manufacturing, enabling efficient handling of smaller lot sizes and high product variability. This approach streamlines planning, reduces setup and inventory costs, and ensures consistent quality and predictable pricing, even in dynamic production environments.",categorical,7,7,
B3_9,"Which of the following best describes the difficulty or ease of adopting Strategic Asset Utilization to your company? Strategic Asset Utilization brings configuration management principles from design into manufacturing, enabling efficient handling of smaller lot sizes and high product variability. This approach streamlines planning, reduces setup and inventory costs, and ensures consistent quality and predictable pricing, even in dynamic production environments.",categorical,8,8,
B3_9,"Which of the following best describes the difficulty or ease of adopting Strategic Asset Utilization to your company? Strategic Asset Utilization brings configuration management principles from design into manufacturing, enabling efficient handling of smaller lot sizes and high product variability. This approach streamlines planning, reduces setup and inventory costs, and ensures consistent quality and predictable pricing, even in dynamic production environments.",categorical,9,9,
B3_9,"Which of the following best describes the difficulty or ease of adopting Strategic Asset Utilization to your company? Strategic Asset Utilization brings configuration management principles from design into manufacturing, enabling efficient handling of smaller lot sizes and high product variability. This approach streamlines planning, reduces setup and inventory costs, and ensures consistent quality and predictable pricing, even in dynamic production environments.",categorical,10,10 Extreme Difficulty: Our pursuit of this initiative has encountered extreme difficulty.,
QB10,Please share some details about your company’s experience with this Strategic Asset Utilization.,text,,,
CP_FLAG_QB10,"Hidden: QB10 = Flag if Cut, Copy, Paste",boolean,1,TRUE,
CP_FLAG_QB10,"Hidden: QB10 = Flag if Cut, Copy, Paste",boolean,0,FALSE,
HID_API_QB10_F1,Dummy holds follow-up question back from smart probe api,text,,,
QB10_Score,Score from api,text,,,
QB10_F1,pipe:HID_API_QB10_F1,text,,,
CP_FLAG_QB10_F1,"Hidden: QB10_F1 = Flag if Cut, Copy, Paste",boolean,1,TRUE,
CP_FLAG_QB10_F1,"Hidden: QB10_F1 = Flag if Cut, Copy, Paste",boolean,0,FALSE,
QB10_F1_Score,Score from api,text,,,
B1_10,"Which of the following best describes your company’s efforts to pursue Production Exploration? Production Exploration brings configuration management principles from design into manufacturing, enabling efficient handling of smaller lot sizes and high product variability. This approach streamlines planning, reduces setup and inventory costs, and ensures consistent quality and predictable pricing, even in dynamic production environments.",categorical,1,Not Pursued or Planned: Our company hasn’t pursued any effort like this.,
B1_10,"Which of the following best describes your company’s efforts to pursue Production Exploration? Production Exploration brings configuration management principles from design into manufacturing, enabling efficient handling of smaller lot sizes and high product variability. This approach streamlines planning, reduces setup and inventory costs, and ensures consistent quality and predictable pricing, even in dynamic production environments.",categorical,2,Planning Pursuit: Our company is planning to pursue this effort.,
B1_10,"Which of the following best describes your company’s efforts to pursue Production Exploration? Production Exploration brings configuration management principles from design into manufacturing, enabling efficient handling of smaller lot sizes and high product variability. This approach streamlines planning, reduces setup and inventory costs, and ensures consistent quality and predictable pricing, even in dynamic production environments.",categorical,3,Partially Pursued and Completed: Our company’s pursuit of this effort is in progress.,
B1_10,"Which of the following best describes your company’s efforts to pursue Production Exploration? Production Exploration brings configuration management principles from design into manufacturing, enabling efficient handling of smaller lot sizes and high product variability. This approach streamlines planning, reduces setup and inventory costs, and ensures consistent quality and predictable pricing, even in dynamic production environments.",categorical,4,Pursued and Completed: Our company has pursued and completed this effort.,
B1_10,"Which of the following best describes your company’s efforts to pursue Production Exploration? Production Exploration brings configuration management principles from design into manufacturing, enabling efficient handling of smaller lot sizes and high product variability. This approach streamlines planning, reduces setup and inventory costs, and ensures consistent quality and predictable pricing, even in dynamic production environments.",categorical,5,I do not understand what Production Exploration means or the definition is ambiguous.,
B2_10,"Which of the following best describes the value of Production Exploration to your company? Production Exploration brings configuration management principles from design into manufacturing, enabling efficient handling of smaller lot sizes and high product variability. This approach streamlines planning, reduces setup and inventory costs, and ensures consistent quality and predictable pricing, even in dynamic production environments.",categorical,0,0 No Value: This capability drives no value for our company.,
B2_10,"Which of the following best describes the value of Production Exploration to your company? Production Exploration brings configuration management principles from design into manufacturing, enabling efficient handling of smaller lot sizes and high product variability. This approach streamlines planning, reduces setup and inventory costs, and ensures consistent quality and predictable pricing, even in dynamic production environments.",categorical,1,1,
B2_10,"Which of the following best describes the value of Production Exploration to your company? Production Exploration brings configuration management principles from design into manufacturing, enabling efficient handling of smaller lot sizes and high product variability. This approach streamlines planning, reduces setup and inventory costs, and ensures consistent quality and predictable pricing, even in dynamic production environments.",categorical,2,2,
B2_10,"Which of the following best describes the value of Production Exploration to your company? Production Exploration brings configuration management principles from design into manufacturing, enabling efficient handling of smaller lot sizes and high product variability. This approach streamlines planning, reduces setup and inventory costs, and ensures consistent quality and predictable pricing, even in dynamic production environments.",categorical,3,3,
B2_10,"Which of the following best describes the value of Production Exploration to your company? Production Exploration brings configuration management principles from design into manufacturing, enabling efficient handling of smaller lot sizes and high product variability. This approach streamlines planning, reduces setup and inventory costs, and ensures consistent quality and predictable pricing, even in dynamic production environments.",categorical,4,4,
B2_10,"Which of the following best describes the value of Production Exploration to your company? Production Exploration brings configuration management principles from design into manufacturing, enabling efficient handling of smaller lot sizes and high product variability. This approach streamlines planning, reduces setup and inventory costs, and ensures consistent quality and predictable pricing, even in dynamic production environments.",categorical,5,5 Moderate Value: This capability drives moderate value for our company.,
B2_10,"Which of the following best describes the value of Production Exploration to your company? Production Exploration brings configuration management principles from design into manufacturing, enabling efficient handling of smaller lot sizes and high product variability. This approach streamlines planning, reduces setup and inventory costs, and ensures consistent quality and predictable pricing, even in dynamic production environments.",categorical,6,6,
B2_10,"Which of the following best describes the value of Production Exploration to your company? Production Exploration brings configuration management principles from design into manufacturing, enabling efficient handling of smaller lot sizes and high product variability. This approach streamlines planning, reduces setup and inventory costs, and ensures consistent quality and predictable pricing, even in dynamic production environments.",categorical,7,7,
B2_10,"Which of the following best describes the value of Production Exploration to your company? Production Exploration brings configuration management principles from design into manufacturing, enabling efficient handling of smaller lot sizes and high product variability. This approach streamlines planning, reduces setup and inventory costs, and ensures consistent quality and predictable pricing, even in dynamic production environments.",categorical,8,8,
B2_10,"Which of the following best describes the value of Production Exploration to your company? Production Exploration brings configuration management principles from design into manufacturing, enabling efficient handling of smaller lot sizes and high product variability. This approach streamlines planning, reduces setup and inventory costs, and ensures consistent quality and predictable pricing, even in dynamic production environments.",categorical,9,9,
B2_10,"Which of the following best describes the value of Production Exploration to your company? Production Exploration brings configuration management principles from design into manufacturing, enabling efficient handling of smaller lot sizes and high product variability. This approach streamlines planning, reduces setup and inventory costs, and ensures consistent quality and predictable pricing, even in dynamic production environments.",categorical,10,10 Preeminent Value: This capability drives top value for our company.,
B3_10,"Which of the following best describes the difficulty or ease of adopting Production Exploration to your company? Production Exploration brings configuration management principles from design into manufacturing, enabling efficient handling of smaller lot sizes and high product variability. This approach streamlines planning, reduces setup and inventory costs, and ensures consistent quality and predictable pricing, even in dynamic production environments.",categorical,0,0 No Difficulty: Our pursuit of this initiative has encountered no difficulty.,
B3_10,"Which of the following best describes the difficulty or ease of adopting Production Exploration to your company? Production Exploration brings configuration management principles from design into manufacturing, enabling efficient handling of smaller lot sizes and high product variability. This approach streamlines planning, reduces setup and inventory costs, and ensures consistent quality and predictable pricing, even in dynamic production environments.",categorical,1,1,
B3_10,"Which of the following best describes the difficulty or ease of adopting Production Exploration to your company? Production Exploration brings configuration management principles from design into manufacturing, enabling efficient handling of smaller lot sizes and high product variability. This approach streamlines planning, reduces setup and inventory costs, and ensures consistent quality and predictable pricing, even in dynamic production environments.",categorical,2,2,
B3_10,"Which of the following best describes the difficulty or ease of adopting Production Exploration to your company? Production Exploration brings configuration management principles from design into manufacturing, enabling efficient handling of smaller lot sizes and high product variability. This approach streamlines planning, reduces setup and inventory costs, and ensures consistent quality and predictable pricing, even in dynamic production environments.",categorical,3,3,
B3_10,"Which of the following best describes the difficulty or ease of adopting Production Exploration to your company? Production Exploration brings configuration management principles from design into manufacturing, enabling efficient handling of smaller lot sizes and high product variability. This approach streamlines planning, reduces setup and inventory costs, and ensures consistent quality and predictable pricing, even in dynamic production environments.",categorical,4,4,
B3_10,"Which of the following best describes the difficulty or ease of adopting Production Exploration to your company? Production Exploration brings configuration management principles from design into manufacturing, enabling efficient handling of smaller lot sizes and high product variability. This approach streamlines planning, reduces setup and inventory costs, and ensures consistent quality and predictable pricing, even in dynamic production environments.",categorical,5,5 Moderate Difficulty: Our pursuit of this initiative has encountered moderate difficulty.,
B3_10,"Which of the following best describes the difficulty or ease of adopting Production Exploration to your company? Production Exploration brings configuration management principles from design into manufacturing, enabling efficient handling of smaller lot sizes and high product variability. This approach streamlines planning, reduces setup and inventory costs, and ensures consistent quality and predictable pricing, even in dynamic production environments.",categorical,6,6,
B3_10,"Which of the following best describes the difficulty or ease of adopting Production Exploration to your company? Production Exploration brings configuration management principles from design into manufacturing, enabling efficient handling of smaller lot sizes and high product variability. This approach streamlines planning, reduces setup and inventory costs, and ensures consistent quality and predictable pricing, even in dynamic production environments.",categorical,7,7,
B3_10,"Which of the following best describes the difficulty or ease of adopting Production Exploration to your company? Production Exploration brings configuration management principles from design into manufacturing, enabling efficient handling of smaller lot sizes and high product variability. This approach streamlines planning, reduces setup and inventory costs, and ensures consistent quality and predictable pricing, even in dynamic production environments.",categorical,8,8,
B3_10,"Which of the following best describes the difficulty or ease of adopting Production Exploration to your company? Production Exploration brings configuration management principles from design into manufacturing, enabling efficient handling of smaller lot sizes and high product variability. This approach streamlines planning, reduces setup and inventory costs, and ensures consistent quality and predictable pricing, even in dynamic production environments.",categorical,9,9,
B3_10,"Which of the following best describes the difficulty or ease of adopting Production Exploration to your company? Production Exploration brings configuration management principles from design into manufacturing, enabling efficient handling of smaller lot sizes and high product variability. This approach streamlines planning, reduces setup and inventory costs, and ensures consistent quality and predictable pricing, even in dynamic production environments.",categorical,10,10 Extreme Difficulty: Our pursuit of this initiative has encountered extreme difficulty.,
QB11,Please share some details about your company’s experience with this Production Exploration.,text,,,
CP_FLAG_QB11,"Hidden: QB11 = Flag if Cut, Copy, Paste",boolean,1,TRUE,
CP_FLAG_QB11,"Hidden: QB11 = Flag if Cut, Copy, Paste",boolean,0,FALSE,
HID_API_QB11_F1,Dummy holds follow-up question back from smart probe api,text,,,
QB11_Score,Score from api,text,,,
QB11_F1,pipe:HID_API_QB11_F1,text,,,
CP_FLAG_QB11_F1,"Hidden: QB11_F1 = Flag if Cut, Copy, Paste",boolean,1,TRUE,
CP_FLAG_QB11_F1,"Hidden: QB11_F1 = Flag if Cut, Copy, Paste",boolean,0,FALSE,
QB11_F1_Score,Score from api,text,,,
B1_11,"Which of the following best describes your company’s efforts to pursue Connected Factory Security? Connected Factory Security brings configuration management principles from design into manufacturing, enabling efficient handling of smaller lot sizes and high product variability. This approach streamlines planning, reduces setup and inventory costs, and ensures consistent quality and predictable pricing, even in dynamic production environments.",categorical,1,Not Pursued or Planned: Our company hasn’t pursued any effort like this.,
B1_11,"Which of the following best describes your company’s efforts to pursue Connected Factory Security? Connected Factory Security brings configuration management principles from design into manufacturing, enabling efficient handling of smaller lot sizes and high product variability. This approach streamlines planning, reduces setup and inventory costs, and ensures consistent quality and predictable pricing, even in dynamic production environments.",categorical,2,Planning Pursuit: Our company is planning to pursue this effort.,
B1_11,"Which of the following best describes your company’s efforts to pursue Connected Factory Security? Connected Factory Security brings configuration management principles from design into manufacturing, enabling efficient handling of smaller lot sizes and high product variability. This approach streamlines planning, reduces setup and inventory costs, and ensures consistent quality and predictable pricing, even in dynamic production environments.",categorical,3,Partially Pursued and Completed: Our company’s pursuit of this effort is in progress.,
B1_11,"Which of the following best describes your company’s efforts to pursue Connected Factory Security? Connected Factory Security brings configuration management principles from design into manufacturing, enabling efficient handling of smaller lot sizes and high product variability. This approach streamlines planning, reduces setup and inventory costs, and ensures consistent quality and predictable pricing, even in dynamic production environments.",categorical,4,Pursued and Completed: Our company has pursued and completed this effort.,
B1_11,"Which of the following best describes your company’s efforts to pursue Connected Factory Security? Connected Factory Security brings configuration management principles from design into manufacturing, enabling efficient handling of smaller lot sizes and high product variability. This approach streamlines planning, reduces setup and inventory costs, and ensures consistent quality and predictable pricing, even in dynamic production environments.",categorical,5,I do not understand what Connected Factory Security means or the definition is ambiguous.,
B2_11,"Which of the following best describes the value of Connected Factory Security to your company? Connected Factory Security brings configuration management principles from design into manufacturing, enabling efficient handling of smaller lot sizes and high product variability. This approach streamlines planning, reduces setup and inventory costs, and ensures consistent quality and predictable pricing, even in dynamic production environments.",categorical,0,0 No Value: This capability drives no value for our company.,
B2_11,"Which of the following best describes the value of Connected Factory Security to your company? Connected Factory Security brings configuration management principles from design into manufacturing, enabling efficient handling of smaller lot sizes and high product variability. This approach streamlines planning, reduces setup and inventory costs, and ensures consistent quality and predictable pricing, even in dynamic production environments.",categorical,1,1,
B2_11,"Which of the following best describes the value of Connected Factory Security to your company? Connected Factory Security brings configuration management principles from design into manufacturing, enabling efficient handling of smaller lot sizes and high product variability. This approach streamlines planning, reduces setup and inventory costs, and ensures consistent quality and predictable pricing, even in dynamic production environments.",categorical,2,2,
B2_11,"Which of the following best describes the value of Connected Factory Security to your company? Connected Factory Security brings configuration management principles from design into manufacturing, enabling efficient handling of smaller lot sizes and high product variability. This approach streamlines planning, reduces setup and inventory costs, and ensures consistent quality and predictable pricing, even in dynamic production environments.",categorical,3,3,
B2_11,"Which of the following best describes the value of Connected Factory Security to your company? Connected Factory Security brings configuration management principles from design into manufacturing, enabling efficient handling of smaller lot sizes and high product variability. This approach streamlines planning, reduces setup and inventory costs, and ensures consistent quality and predictable pricing, even in dynamic production environments.",categorical,4,4,
B2_11,"Which of the following best describes the value of Connected Factory Security to your company? Connected Factory Security brings configuration management principles from design into manufacturing, enabling efficient handling of smaller lot sizes and high product variability. This approach streamlines planning, reduces setup and inventory costs, and ensures consistent quality and predictable pricing, even in dynamic production environments.",categorical,5,5 Moderate Value: This capability drives moderate value for our company.,
B2_11,"Which of the following best describes the value of Connected Factory Security to your company? Connected Factory Security brings configuration management principles from design into manufacturing, enabling efficient handling of smaller lot sizes and high product variability. This approach streamlines planning, reduces setup and inventory costs, and ensures consistent quality and predictable pricing, even in dynamic production environments.",categorical,6,6,
B2_11,"Which of the following best describes the value of Connected Factory Security to your company? Connected Factory Security brings configuration management principles from design into manufacturing, enabling efficient handling of smaller lot sizes and high product variability. This approach streamlines planning, reduces setup and inventory costs, and ensures consistent quality and predictable pricing, even in dynamic production environments.",categorical,7,7,
B2_11,"Which of the following best describes the value of Connected Factory Security to your company? Connected Factory Security brings configuration management principles from design into manufacturing, enabling efficient handling of smaller lot sizes and high product variability. This approach streamlines planning, reduces setup and inventory costs, and ensures consistent quality and predictable pricing, even in dynamic production environments.",categorical,8,8,
B2_11,"Which of the following best describes the value of Connected Factory Security to your company? Connected Factory Security brings configuration management principles from design into manufacturing, enabling efficient handling of smaller lot sizes and high product variability. This approach streamlines planning, reduces setup and inventory costs, and ensures consistent quality and predictable pricing, even in dynamic production environments.",categorical,9,9,
B2_11,"Which of the following best describes the value of Connected Factory Security to your company? Connected Factory Security brings configuration management principles from design into manufacturing, enabling efficient handling of smaller lot sizes and high product variability. This approach streamlines planning, reduces setup and inventory costs, and ensures consistent quality and predictable pricing, even in dynamic production environments.",categorical,10,10 Preeminent Value: This capability drives top value for our company.,
B3_11,"Which of the following best describes the difficulty or ease of adopting Connected Factory Security to your company? Connected Factory Security brings configuration management principles from design into manufacturing, enabling efficient handling of smaller lot sizes and high product variability. This approach streamlines planning, reduces setup and inventory costs, and ensures consistent quality and predictable pricing, even in dynamic production environments.",categorical,0,0 No Difficulty: Our pursuit of this initiative has encountered no difficulty.,
B3_11,"Which of the following best describes the difficulty or ease of adopting Connected Factory Security to your company? Connected Factory Security brings configuration management principles from design into manufacturing, enabling efficient handling of smaller lot sizes and high product variability. This approach streamlines planning, reduces setup and inventory costs, and ensures consistent quality and predictable pricing, even in dynamic production environments.",categorical,1,1,
B3_11,"Which of the following best describes the difficulty or ease of adopting Connected Factory Security to your company? Connected Factory Security brings configuration management principles from design into manufacturing, enabling efficient handling of smaller lot sizes and high product variability. This approach streamlines planning, reduces setup and inventory costs, and ensures consistent quality and predictable pricing, even in dynamic production environments.",categorical,2,2,
B3_11,"Which of the following best describes the difficulty or ease of adopting Connected Factory Security to your company? Connected Factory Security brings configuration management principles from design into manufacturing, enabling efficient handling of smaller lot sizes and high product variability. This approach streamlines planning, reduces setup and inventory costs, and ensures consistent quality and predictable pricing, even in dynamic production environments.",categorical,3,3,
B3_11,"Which of the following best describes the difficulty or ease of adopting Connected Factory Security to your company? Connected Factory Security brings configuration management principles from design into manufacturing, enabling efficient handling of smaller lot sizes and high product variability. This approach streamlines planning, reduces setup and inventory costs, and ensures consistent quality and predictable pricing, even in dynamic production environments.",categorical,4,4,
B3_11,"Which of the following best describes the difficulty or ease of adopting Connected Factory Security to your company? Connected Factory Security brings configuration management principles from design into manufacturing, enabling efficient handling of smaller lot sizes and high product variability. This approach streamlines planning, reduces setup and inventory costs, and ensures consistent quality and predictable pricing, even in dynamic production environments.",categorical,5,5 Moderate Difficulty: Our pursuit of this initiative has encountered moderate difficulty.,
B3_11,"Which of the following best describes the difficulty or ease of adopting Connected Factory Security to your company? Connected Factory Security brings configuration management principles from design into manufacturing, enabling efficient handling of smaller lot sizes and high product variability. This approach streamlines planning, reduces setup and inventory costs, and ensures consistent quality and predictable pricing, even in dynamic production environments.",categorical,6,6,
B3_11,"Which of the following best describes the difficulty or ease of adopting Connected Factory Security to your company? Connected Factory Security brings configuration management principles from design into manufacturing, enabling efficient handling of smaller lot sizes and high product variability. This approach streamlines planning, reduces setup and inventory costs, and ensures consistent quality and predictable pricing, even in dynamic production environments.",categorical,7,7,
B3_11,"Which of the following best describes the difficulty or ease of adopting Connected Factory Security to your company? Connected Factory Security brings configuration management principles from design into manufacturing, enabling efficient handling of smaller lot sizes and high product variability. This approach streamlines planning, reduces setup and inventory costs, and ensures consistent quality and predictable pricing, even in dynamic production environments.",categorical,8,8,
B3_11,"Which of the following best describes the difficulty or ease of adopting Connected Factory Security to your company? Connected Factory Security brings configuration management principles from design into manufacturing, enabling efficient handling of smaller lot sizes and high product variability. This approach streamlines planning, reduces setup and inventory costs, and ensures consistent quality and predictable pricing, even in dynamic production environments.",categorical,9,9,
B3_11,"Which of the following best describes the difficulty or ease of adopting Connected Factory Security to your company? Connected Factory Security brings configuration management principles from design into manufacturing, enabling efficient handling of smaller lot sizes and high product variability. This approach streamlines planning, reduces setup and inventory costs, and ensures consistent quality and predictable pricing, even in dynamic production environments.",categorical,10,10 Extreme Difficulty: Our pursuit of this initiative has encountered extreme difficulty.,
QB12,Please share some details about your company’s experience with this Connected Factory Security.,text,,,
CP_FLAG_QB12,"Hidden: QB12 = Flag if Cut, Copy, Paste",boolean,1,TRUE,
CP_FLAG_QB12,"Hidden: QB12 = Flag if Cut, Copy, Paste",boolean,0,FALSE,
HID_API_QB12_F1,Dummy holds follow-up question back from smart probe api,text,,,
QB12_Score,Score from api,text,,,
QB12_F1,pipe:HID_API_QB12_F1,text,,,
CP_FLAG_QB12_F1,"Hidden: QB12_F1 = Flag if Cut, Copy, Paste",boolean,1,TRUE,
CP_FLAG_QB12_F1,"Hidden: QB12_F1 = Flag if Cut, Copy, Paste",boolean,0,FALSE,
QB12_F1_Score,Score from api,text,,,
F1,"Which of the following best describes your company’s official attitude toward cloud-based, manufacturing applications?",categorical,1,Cannot consider,
F1,"Which of the following best describes your company’s official attitude toward cloud-based, manufacturing applications?",categorical,2,Skeptical,
F1,"Which of the following best describes your company’s official attitude toward cloud-based, manufacturing applications?",categorical,3,Open,
F1,"Which of the following best describes your company’s official attitude toward cloud-based, manufacturing applications?",categorical,4,Exploring or Planning Transition,
F1,"Which of the following best describes your company’s official attitude toward cloud-based, manufacturing applications?",categorical,5,In Process of Transitioning,
F1,"Which of the following best describes your company’s official attitude toward cloud-based, manufacturing applications?",categorical,6,"Transitioned, already using such applications",
F2,Which of the following represents the current state of the manufacturing solutions in your company?,categorical,1,"Primarily on-premise: Most of your engineering solutions are installed, operated, and updated on compute hardware run on my company’s premises.",
F2,Which of the following represents the current state of the manufacturing solutions in your company?,categorical,2,Primarily cloud: Most engineering solutions run on private or public cloud services such as Amazon Web Services (AWS) or Microsoft Azure.,
F2,Which of the following represents the current state of the manufacturing solutions in your company?,categorical,3,"Hybrid environment: Some components of your engineering solutions or whole, separate engineering solutions run on your company’s hardware, and some run on public or private cloud services.",
F3,Which of the following best represents the final state of the manufacturing solutions of your company?,categorical,1,"Primarily on-premise: Most of your engineering solutions are installed, operated, and updated on compute hardware run on my company’s premises.",
F3,Which of the following best represents the final state of the manufacturing solutions of your company?,categorical,2,Primarily cloud: Most engineering solutions run on private or public cloud services such as Amazon Web Services (AWS) or Microsoft Azure.,
F3,Which of the following best represents the final state of the manufacturing solutions of your company?,categorical,3,"Hybrid environment: Some components of your engineering solutions or whole, separate engineering solutions run on your company’s hardware, and some run on public or private cloud services.",
F4,Which represents the preferable means of paying for manufacturing solutions?,categorical,1,Per use of a capability or feature,
F4,Which represents the preferable means of paying for manufacturing solutions?,categorical,2,"Per a period (week, month, year)",
F4,Which represents the preferable means of paying for manufacturing solutions?,categorical,3,Per a perpetual license,
F5,Where does security stand when purchasing manufacturing solutions?,categorical,1,No influence,
F5,Where does security stand when purchasing manufacturing solutions?,categorical,2,Small influence,
F5,Where does security stand when purchasing manufacturing solutions?,categorical,3,Moderate influence,
F5,Where does security stand when purchasing manufacturing solutions?,categorical,4,Great influence,
F5,Where does security stand when purchasing manufacturing solutions?,categorical,5,Top priority,
decLang,Captured variable,text,,,
